Workbook

Sheet Cronograma
A1: Nome da Tarefa | B1: Duração | C1: Início | D1: Término | E1: Predecessoras
A2: HOOK UP FABRICAÇÃO | B2: 43 dias | C2: 46227.375 | D2: 46287.75
A3: Assinatura do Contrato / Kick Ok | B3: 0 dias | C3: 46227.375 | D3: 46227.375
A4: Mobilização | B4: 15 dias | C4: 46227.375 | D4: 46247.75 | E4: 2
A5: Retirada do Material e Deslocamento ate o local de fabricação | B5: 3 dias | C5: 46230.375 | D5: 46232.75 | E5: 3II+1 dia
A6: 1º Lote | B6: 12 dias | C6: 46234.375 | D6: 46251.75
A7: Spoletamento 1ºLote | B7: 5 dias | C7: 46234.375 | D7: 46240.75 | E7: 3II+5 dias
A8: Fabricação 1º Lote | B8: 8 dias | C8: 46239.375 | D8: 46248.75 | E8: 6II+3 dias
A9: Entrega no SITE 1º Lote | B9: 1 dia | C9: 46251.375 | D9: 46251.75 | E9: 7
A10: 2º Lote | B10: 17 dias | C10: 46241.375 | D10: 46265.75
A11: Spoletamento 2º Lote | B11: 5 dias | C11: 46241.375 | D11: 46247.75 | E11: 6
A12: Fabricação 2º Lote | B12: 13 dias | C12: 46246.375 | D12: 46262.75 | E12: 10II+3 dias
A13: Entrega no SITE 2º Lote | B13: 1 dia | C13: 46265.375 | D13: 46265.75 | E13: 11
A14: 3º Lote | B14: 23 dias | C14: 46248.375 | D14: 46280.75
A15: Spoletamento 3º Lote | B15: 5 dias | C15: 46248.375 | D15: 46254.75 | E15: 10
A16: Fabricação 3º Lote | B16: 19 dias | C16: 46253.375 | D16: 46279.75 | E16: 14II+3 dias
A17: Entrega no SITE 3º Lote | B17: 1 dia | C17: 46280.375 | D17: 46280.75 | E17: 15
A18: 4º Lote | B18: 23 dias | C18: 46255.375 | D18: 46287.75
A19: Spoletamento 4º Lote | B19: 5 dias | C19: 46255.375 | D19: 46261.75 | E19: 14
A20: Fabricação 3º Lote | B20: 10 dias | C20: 46273.375 | D20: 46286.75 | E20: 15TT+5 dias;18
A21: Entrega no SITE 4º Lote | B21: 1 dia | C21: 46287.375 | D21: 46287.75 | E21: 19

Sheet Histograma
C2: RESUMO DA FABRICAÇÃO DE TUBULAÇÃO | J2: 46230 | K2: =J2+7 -> 46237 | L2: =K2+7 -> 46244 | M2: =L2+7 -> 46251 | N2: =M2+7 -> 46258 | O2: =N2+7 -> 46265 | P2: =O2+7 -> 46272 | Q2: =P2+7 -> 46279 | R2: =Q2+7 -> 46286
E3: TUBO
B4: DESCRIÇÃO MAT. | C4: PESO (ton) | D4: TOTAL Hh | E4: IND. MED. PRODUT. Hh/t | G4: Ton. Sem. | H4: =AVERAGE(J4:R4) -> 2.9316196 | J4: =$C$6*J5 -> 1.5871826 | K4: =$C$6*K5 -> 2.7729014 | L4: =$C$6*L5 -> 3.4918017 | M4: =$C$6*M5 -> 3.6972018 | N4: =$C$6*N5 -> 3.6972018 | O4: =$C$6*O5 -> 3.4918017 | P4: =$C$6*P5 -> 3.2864016 | Q4: =$C$6*Q5 -> 2.7729014 | R4: =$C$6*R5 -> 1.5871826 | S4: =SUM(J4:R4) -> 26.384577
B5: AÇO CARBONO | INOX 304/304L | C5: 26.72 | D5: =C5*E5 -> 11447.706 | E5: 428.43212 | G5: Peso Total | H5: =C6 -> 26.72 | J5: =J6/$H$6 -> 0.059400546 | K5: =K6/$H$6 -> 0.10377625 | L5: =L6/$H$6 -> 0.1306812 | M5: =M6/$H$6 -> 0.13836833 | N5: =N6/$H$6 -> 0.13836833 | O5: =O6/$H$6 -> 0.1306812 | P5: =P6/$H$6 -> 0.12299407 | Q5: =Q6/$H$6 -> 0.10377625 | R5: =R6/$H$6 -> 0.059400546 | S5: =SUM(J5:R5) -> 0.98744673
B6: TOTAL | C6: =SUM(C4:C5) -> 26.72 | D6: =SUM(D4:D5) -> 11447.706 | E6: =SUM(E4:E5) -> 428.43212 | G6: Toal de Hh | H6: =D6 -> 11447.706 | J6: =J16*40 -> 680 | K6: =K16*44 -> 1188 | L6: =L16*44 -> 1496 | M6: =M16*44 -> 1584 | N6: =N16*44 -> 1584 | O6: =O16*44 -> 1496 | P6: =P16*44 -> 1408 | Q6: =Q16*44 -> 1188 | R6: =R16*40 -> 680 | S6: =SUM(J6:R6) -> 11304
G7: Descrição | H7: % | I7: Coeficiente | J7: Sem 1 | K7: Sem 2 | L7: Sem 3 | M7: Sem 4 | N7: Sem 5 | O7: Sem 6 | P7: Sem 7 | Q7: Sem 8 | R7: Sem 9 | S7: TOTAL
G8: ENCARREGADO(A) DE TUBULACAO | H8: =I8/100% -> 0.032787 | I8: 0.032787 | J8: =ROUNDUP($H$6*$H8/44/9,0) -> 1 | K8: =ROUNDUP($H$6*$H8/40/9,0) -> 2 | L8: =ROUNDUP($H$6*$H8/40/9,0) -> 2 | M8: =ROUNDUP($H$6*$H8/40/9,0) -> 2 | N8: =ROUNDUP($H$6*$H8/40/9,0) -> 2 | O8: =ROUNDUP($H$6*$H8/40/9,0) -> 2 | P8: =ROUNDUP($H$6*$H8/40/9,0) -> 2 | Q8: =ROUNDUP($H$6*$H8/40/9,0) -> 2 | R8: =ROUNDUP($H$6*$H8/44/9,0) -> 1 | S8: =MAX(J8:R8) -> 2
G9: ENCARREGADO(A) DE SOLDA | H9: =I9/100% -> 0.032787 | I9: 0.032787 | J9: =ROUNDUP($H$6*$H9/44/9,0) -> 1 | K9: =ROUNDUP($H$6*$H9/40/9,0) -> 2 | L9: =ROUNDUP($H$6*$H9/40/9,0) -> 2 | M9: =ROUNDUP($H$6*$H9/40/9,0) -> 2 | N9: =ROUNDUP($H$6*$H9/40/9,0) -> 2 | O9: =ROUNDUP($H$6*$H9/40/9,0) -> 2 | P9: =ROUNDUP($H$6*$H9/40/9,0) -> 2 | Q9: =ROUNDUP($H$6*$H9/40/9,0) -> 2 | R9: =ROUNDUP($H$6*$H9/44/9,0) -> 1 | S9: =MAX(J9:R9) -> 2
G10: ENCANADOR(A) INDUSTRIAL | H10: =I10/100% -> 0.262295 | I10: 0.262295 | J10: =ROUNDDOWN($H$6*$H10/70/9,0) -> 4 | K10: =ROUNDDOWN($H$6*$H10/50/9,0) -> 6 | L10: =ROUNDUP($H$6*$H10/40/9,0) -> 9 | M10: =ROUNDUP($H$6*$H10/35/9,0) -> 10 | N10: =ROUNDUP($H$6*$H10/35/9,0) -> 10 | O10: =ROUNDUP($H$6*$H10/40/9,0) -> 9 | P10: =ROUNDDOWN($H$6*$H10/40/9,0) -> 8 | Q10: =ROUNDDOWN($H$6*$H10/50/9,0) -> 6 | R10: =ROUNDDOWN($H$6*$H10/70/9,0) -> 4 | S10: =MAX(J10:R10) -> 10
G11: SOLDADOR(A) TIG/ER | H11: =I11/100% -> 0.262295 | I11: 0.262295 | J11: =ROUNDDOWN($H$6*$H11/70/9,0) -> 4 | K11: =ROUNDDOWN($H$6*$H11/50/9,0) -> 6 | L11: =ROUNDUP($H$6*$H11/40/9,0) -> 9 | M11: =ROUNDUP($H$6*$H11/35/9,0) -> 10 | N11: =ROUNDUP($H$6*$H11/35/9,0) -> 10 | O11: =ROUNDUP($H$6*$H11/40/9,0) -> 9 | P11: =ROUNDDOWN($H$6*$H11/40/9,0) -> 8 | Q11: =ROUNDDOWN($H$6*$H11/50/9,0) -> 6 | R11: =ROUNDDOWN($H$6*$H11/70/9,0) -> 4 | S11: =MAX(J11:R11) -> 10
G12: SOLDADOR(A) ER | H12: =I12/100% -> 0.065574 | I12: 0.065574 | J12: =ROUNDDOWN($H$6*$H12/44/9,0) -> 1 | K12: =ROUNDDOWN($H$6*$H12/60/9,0) -> 1 | L12: =ROUNDDOWN($H$6*$H12/60/9,0) -> 1 | M12: =ROUNDDOWN($H$6*$H12/60/9,0) -> 1 | N12: =ROUNDDOWN($H$6*$H12/60/9,0) -> 1 | O12: =ROUNDDOWN($H$6*$H12/60/9,0) -> 1 | P12: =ROUNDDOWN($H$6*$H12/60/9,0) -> 1 | Q12: =ROUNDDOWN($H$6*$H12/60/9,0) -> 1 | R12: =ROUNDDOWN($H$6*$H12/44/9,0) -> 1 | S12: =MAX(J12:R12) -> 1
G13: MACARIQUEIRO(A) | H13: =I13/100% -> 0.016393 | I13: 0.016393 | J13: =ROUNDUP($H$6*$H13/44/9,0) -> 1 | K13: =ROUNDUP($H$6*$H13/40/9,0) -> 1 | L13: =ROUNDUP($H$6*$H13/40/9,0) -> 1 | M13: =ROUNDUP($H$6*$H13/40/9,0) -> 1 | N13: =ROUNDUP($H$6*$H13/40/9,0) -> 1 | O13: =ROUNDUP($H$6*$H13/40/9,0) -> 1 | P13: =ROUNDUP($H$6*$H13/40/9,0) -> 1 | Q13: =ROUNDUP($H$6*$H13/40/9,0) -> 1 | R13: =ROUNDUP($H$6*$H13/44/9,0) -> 1 | S13: =MAX(J13:R13) -> 1
G14: LIXADOR(A) | H14: =I14/100% -> 0.196721 | I14: 0.196721 | J14: =ROUNDDOWN($H$6*$H14/70/9,0) -> 3 | K14: =ROUNDDOWN($H$6*$H14/40/9,0) -> 6 | L14: =ROUNDUP($H$6*$H14/40/9,0) -> 7 | M14: =ROUNDUP($H$6*$H14/40/9,0) -> 7 | N14: =ROUNDUP($H$6*$H14/40/9,0) -> 7 | O14: =ROUNDUP($H$6*$H14/40/9,0) -> 7 | P14: =ROUNDUP($H$6*$H14/40/9,0) -> 7 | Q14: =ROUNDDOWN($H$6*$H14/40/9,0) -> 6 | R14: =ROUNDDOWN($H$6*$H14/70/9,0) -> 3 | S14: =MAX(J14:R14) -> 7
G15: AJUDANTE DE PRODUCAO | H15: =I15/100% -> 0.131148 | I15: 0.131148 | J15: =ROUNDDOWN($H$6*$H15/70/9,0) -> 2 | K15: =ROUNDDOWN($H$6*$H15/44/9,0) -> 3 | L15: =ROUNDDOWN($H$6*$H15/44/9,0) -> 3 | M15: =ROUNDDOWN($H$6*$H15/44/9,0) -> 3 | N15: =ROUNDDOWN($H$6*$H15/44/9,0) -> 3 | O15: =ROUNDDOWN($H$6*$H15/44/9,0) -> 3 | P15: =ROUNDDOWN($H$6*$H15/44/9,0) -> 3 | Q15: =ROUNDDOWN($H$6*$H15/44/9,0) -> 3 | R15: =ROUNDDOWN($H$6*$H15/70/9,0) -> 2 | S15: =MAX(J15:R15) -> 3
G16: TOTAL | J16: =SUM(J8:J15) -> 17 | K16: =SUM(K8:K15) -> 27 | L16: =SUM(L8:L15) -> 34 | M16: =SUM(M8:M15) -> 36 | N16: =SUM(N8:N15) -> 36 | O16: =SUM(O8:O15) -> 34 | P16: =SUM(P8:P15) -> 32 | Q16: =SUM(Q8:Q15) -> 27 | R16: =SUM(R8:R15) -> 17

Sheet Analise de Lote
A1: Soma de FABRICAÇÃO ( KG ) | B1: Rótulos de Coluna
A2: Rótulos de Linha | B2: 17/ago | C2: 31/ago | D2: 15/set | E2: 22/set | F2: Total Geral
A3: 1º | B3: 6996.4534 | F3: 6996.4534
A4: CWP 3.1 - LIQUEFACTION | B4: 6996.4534 | F4: 6996.4534
A5: 2º | C5: 9936.88 | F5: 9936.88
A6: CWP 3.1 - LIQUEFACTION | C6: 9936.88 | F6: 9936.88
A7: 3º | D7: 7816.3839 | F7: 7816.3839
A8: CWP 1.1 - INLET GAS | D8: 4078.7946 | F8: 4078.7946
A9: CWP 2.1 - PRÉ-TREATMENT | D9: 3737.5893 | F9: 3737.5893
A10: 4º | E10: 1941.1313 | F10: 1941.1313
A11: CWP 4.1 - STORAGE TANKS | E11: 413.2217 | F11: 413.2217
A12: CWP 5.1 - E-HOUSES AREA | E12: 440.3334 | F12: 440.3334
A13: CWP 7.1 LOADING AREA | E13: 1087.5762 | F13: 1087.5762
A14: Total Geral | B14: 6996.4534 | C14: 9936.88 | D14: 7816.3839 | E14: 1941.1313 | F14: 26690.849

Sheet SEQ. DE ENTREGA POR LINHA
A1: ITEM | B1: LINHA | C1: SKID | D1: CWA | E1: FABRICAÇÃO ( KG ) | F1: FABRICAÇÃO ( Juntas ) | G1: DATA DE ENTREGA NO SITE PARA MONTAGEM | H1: LOTE
A2: 1 | B2: 1"-A1E-CF-4310A | C2: WASHING TOWER SKID A | D2: CWP 3.1 - LIQUEFACTION | E2: 18.05 | F2: 16 | G2: =VLOOKUP(C2,$C$188:$E$224,3,FALSE) -> 46251.75 | H2: =VLOOKUP(G2,$G$190:$H$193,2,FALSE) -> 1º
A3: 2 | B3: 1"-A3B-CWR-0612 | C3: COMPRESSOR | D3: CWP 1.1 - INLET GAS | E3: 19.2204 | F3: 8 | G3: =VLOOKUP(C3,$C$188:$E$224,3,FALSE) -> 46280.75 | H3: =VLOOKUP(G3,$G$190:$H$193,2,FALSE) -> 3º
A4: 3 | B4: 1"-B1E-MR-4005A | C4: COLD BOX A | D4: CWP 3.1 - LIQUEFACTION | E4: 2.625 | F4: 4 | G4: =VLOOKUP(C4,$C$188:$E$224,3,FALSE) -> 46251.75 | H4: =VLOOKUP(G4,$G$190:$H$193,2,FALSE) -> 1º
A5: 4 | B5: 1"-B1E-MR-4006A | C5: COLD BOX A | D5: CWP 3.1 - LIQUEFACTION | E5: 2.625 | F5: 4 | G5: =VLOOKUP(C5,$C$188:$E$224,3,FALSE) -> 46251.75 | H5: =VLOOKUP(G5,$G$190:$H$193,2,FALSE) -> 1º
A6: 5 | B6: 1"-B1E-MR-4007A | C6: COLD BOX A | D6: CWP 3.1 - LIQUEFACTION | E6: 2.625 | F6: 4 | G6: =VLOOKUP(C6,$C$188:$E$224,3,FALSE) -> 46251.75 | H6: =VLOOKUP(G6,$G$190:$H$193,2,FALSE) -> 1º
A7: 6 | B7: 1"-B1E-MR-4008A | C7: COLD BOX A | D7: CWP 3.1 - LIQUEFACTION | E7: 2.625 | F7: 4 | G7: =VLOOKUP(C7,$C$188:$E$224,3,FALSE) -> 46251.75 | H7: =VLOOKUP(G7,$G$190:$H$193,2,FALSE) -> 1º
A8: 7 | B8: 1"-B1E-MR-4009A | C8: COLD BOX A | D8: CWP 3.1 - LIQUEFACTION | E8: 2.625 | F8: 4 | G8: =VLOOKUP(C8,$C$188:$E$224,3,FALSE) -> 46251.75 | H8: =VLOOKUP(G8,$G$190:$H$193,2,FALSE) -> 1º
A9: 8 | B9: 1"-B3B-LO-5002A | C9: PIPERACK / MR LP COMPRESSOR SKID A | D9: CWP 3.1 - LIQUEFACTION | E9: 14.7698 | F9: 10 | G9: =VLOOKUP(C9,$C$188:$E$224,3,FALSE) -> 46265.75 | H9: =VLOOKUP(G9,$G$190:$H$193,2,FALSE) -> 2º
A10: 9 | B10: 1"-B3B-LO-5003A | C10: MR ACCUMULATION TANKS SKID | D10: CWP 3.1 - LIQUEFACTION | E10: 36.1224 | F10: 31 | G10: =VLOOKUP(C10,$C$188:$E$224,3,FALSE) -> 46251.75 | H10: =VLOOKUP(G10,$G$190:$H$193,2,FALSE) -> 1º
A11: 10 | B11: 1"-B3B-LO-5004A | C11: PIPERACK / MR LP COMPRESSOR SKID A | D11: CWP 3.1 - LIQUEFACTION | E11: 35.0486 | F11: 12 | G11: =VLOOKUP(C11,$C$188:$E$224,3,FALSE) -> 46265.75 | H11: =VLOOKUP(G11,$G$190:$H$193,2,FALSE) -> 2º
A12: 11 | B12: 1"-B3B-LPG-LIT-7301A | C12: MIXED HYDROCARBON TANK | D12: CWP 2.1 - PRÉ-TREATMENT | E12: 3.124 | F12: 2 | G12: =VLOOKUP(C12,$C$188:$E$224,3,FALSE) -> 46280.75 | H12: =VLOOKUP(G12,$G$190:$H$193,2,FALSE) -> 3º
A13: 12 | B13: 1"-B3B-LPG-LIT-7301B | C13: MIXED HYDROCARBON TANK | D13: CWP 2.1 - PRÉ-TREATMENT | E13: 3.124 | F13: 2 | G13: =VLOOKUP(C13,$C$188:$E$224,3,FALSE) -> 46280.75 | H13: =VLOOKUP(G13,$G$190:$H$193,2,FALSE) -> 3º
... A179: 178 | B179: 3"-A3B-HM-8201-H-3'' | C179: HOT OIL | D179: CWP 1.1 - INLET GAS | E179: 231.89412 | F179: 13 | G179: =VLOOKUP(C179,$C$188:$E$224,3,FALSE) -> 46280.75 | H179: =VLOOKUP(G179,$G$190:$H$193,2,FALSE) -> 3º
C188: CWP | D188: DATA MILPLAN CORRENTE SEMANA 44 | E188: DATA NECESSIDADE INTERNA PARA PROPONENTE
C189: CWP 1.1 - INLET GAS | G189: DATA | H189: LOTE
C190: COMPRESSOR | D190: 46288 | E190: =G192 -> 46280.75 | G190: =Cronograma!D6 -> 46251.75 | H190: 1º
C191: HOT OIL | D191: 46281 | E191: =E190 -> 46280.75 | G191: =Cronograma!D10 -> 46265.75 | H191: 2º
C192: PIPE RACK / DISCHARGE SEPARATION TANK | D192: 46297 | E192: =E191 -> 46280.75 | G192: =Cronograma!D14 -> 46280.75 | H192: 3º
C193: EAG HEATER / DISCHARGE SEPARATION TANK | D193: 46322 | E193: =E192 -> 46280.75 | G193: =Cronograma!D18 -> 46287.75 | H193: 4º
C194: EAG HEATER / PIPE RACK | D194: 46308 | E194: =E193 -> 46280.75
C195: CWP 2.1 - PRÉ-TREATMENT
C196: DEACIDIFICATION A | D196: 46246 | E196: =G192 -> 46280.75
C197: DEACIDIFICATION B | D197: 46261 | E197: =E196 -> 46280.75
C198: DEHYDRATION C | D198: 46290 | E198: =E197 -> 46280.75
C199: DEHYDRATION D | D199: 46308 | E199: =E198 -> 46280.75
C200: MIXED HYDROCARBON TANK | D200: 46283 | E200: =E199 -> 46280.75
C201: CWP 3.1 - LIQUEFACTION
C202: PIPERACK / MR LP COMPRESSOR SKID A | D202: 46279 | E202: =G191 -> 46265.75
C203: PIPE RACK / MR LP COMPRESSOR SKID B | D203: 46283 | E203: =E202 -> 46265.75
C204: PIPE RACK / MR HP COMPRESSOR SKID A | D204: 46295 | E204: =E203 -> 46265.75
C205: PIPE RACK / MR HP COMPRESSOR SKID B | D205: 46279 | E205: =E204 -> 46265.75
C206: MR ACCUMULATION TANKS SKID | D206: 46286 | E206: =G190 -> 46251.75
C207: COLD BOX A | D207: 46280 | E207: =E206 -> 46251.75
C208: WASHING TOWER SKID A | D208: 46283 | E208: =E207 -> 46251.75
C209: CWP 4.1 - STORAGE TANKS
C210: PIPE RACK | D210: 46276 | E210: =G193 -> 46287.75
C211: LNG TANK A | D211: 46287 | E211: =E210 -> 46287.75
C212: LNG TANK B | D212: 46289 | E212: =E211 -> 46287.75
C213: LNG TANK C | D213: 46293 | E213: =E212 -> 46287.75
C214: LNG TANK D | D214: 46304 | E214: =E213 -> 46287.75
C215: LNG TANK E | D215: 46304 | E215: =E214 -> 46287.75
C216: LNG TANK F | D216: 46304 | E216: =E215 -> 46287.75
C217: LNG PUMP SKID A | D217: 46308 | E217: =E216 -> 46287.75
C218: LNG PUMP SKID B | D218: 46308 | E218: =E217 -> 46287.75
C219: LNG PUMP SKID C | D219: 46308 | E219: =E218 -> 46287.75
C220: BOG VAPORIZER | D220: 46308 | E220: =E219 -> 46287.75
C221: CWP 5.1 - E-HOUSES AREA
C222: INSTRUMENT AIR SKID | D222: 46237 | E222: =G193 -> 46287.75
C223: CWP 7.1 LOADING AREA
C224: SKID | D224: 46266 | E224: =E222 -> 46287.75

Sheet Crono Furui
A1: CRONOGRAMA 21/08/2026
A2: EDT | B2: Modo da Tarefa | C2: Nome da Tarefa | D2: % concluída | E2: Duração | F2: Início | G2: Término
A3: 1 | B3: Agendada Manualmente | C3: CRONOGRAMA BRASNAVAL | D3: 0.44 | E3: 52 dias | F3: 46241.292 | G3: 46287.375
A4: 1.1 | B4: Agendada Manualmente | C4: MATÉRIA PRIMA | D4: 0.44 | E4: 5 dias | F4: 46241.292 | G4: 46245.458
A5: 1.1.1 | B5: Agendada Automaticamente | C5: Recebimento da matéria prima | D5: 1 | E5: 1 dia | F5: 46241.292 | G5: 46241.667
A6: 1.1.2 | B6: Agendada Automaticamente | C6: Conferência do material | D6: 0 | E6: 4 dias | F6: 46241.292 | G6: 46245.458
A7: 1.1.3 | B7: Agendada Manualmente | C7: Fabricação dos lote 1-2-3 e 4 | D7: 0 | E7: 45 dias | F7: 46248.292 | G7: 46287.708
A8: 1.1.3.1 | B8: Agendada Manualmente | C8: Fabricação lote 1 | D8: 0 | E8: 11 dias | F8: 46248.292 | G8: 46257.625
A9: 1.1.4 | B9: Agendada Manualmente | C9: 1"-A1E-CF-4310A | D9: 1 | E9: 2 dias | F9: 46245.458 | G9: 46247.375
A10: 2 | B10: Agendada Manualmente | C10: 1"-B1E-MR-4005A | D10: 0.6 | E10: 1 dia | F10: 46246.667 | G10: 46247.625
A11: 2.8 | B11: Agendada Manualmente | C11: 1"-B1E-MR-4006A | D11: 0.58 | E11: 1 dia | F11: 46249.625 | G11: 46250.583
A12: 2.8.2 | B12: Agendada Automaticamente | C12: 1"-B1E-MR-4007A | D12: 1 | E12: 1 dia | F12: 46249.625 | G12: 46250.583
A13: 2.8.3 | B13: Agendada Automaticamente | C13: 1"-B1E-MR-4008A | D13: 1 | E13: 1 dia | F13: 46249.625 | G13: 46250.583
A14: 2.8.4 | B14: Agendada Automaticamente | C14: 1"-B1E-MR-4009A | D14: 1 | E14: 1 dia | F14: 46249.625 | G14: 46250.583
A15: 2.8.5 | B15: Agendada Automaticamente | C15: 1"-B3B-LO-5003A | D15: 1 | E15: 1 dia | F15: 46249.625 | G15: 46250.583
A16: 2.8.6 | B16: Agendada Automaticamente | C16: 1"-D1E-LPG-4305A-C-3" | D16: 1 | E16: 1 dia | F16: 46249.625 | G16: 46250.583
A17: 2.8.7 | B17: Agendada Automaticamente | C17: 1"-D1E-LPG-4308A-C-3" | D17: 1 | E17: 1 dia | F17: 46249.625 | G17: 46250.583
A18: 2.8.8 | B18: Agendada Automaticamente | C18: 1"-D1E-NG-4001A | D18: 1 | E18: 1 dia | F18: 46249.625 | G18: 46250.583
A19: 2.8.9 | B19: Agendada Automaticamente | C19: 1"-D3B-NG-3105A | D19: 1 | E19: 1 dia | F19: 46249.625 | G19: 46250.583
A20: 2.8.10 | B20: Agendada Automaticamente | C20: 2"-A1E-CF-4007A | D20: 1 | E20: 1 dia | F20: 46250.583 | G20: 46251.5
A21: 2.8.11 | B21: Agendada Automaticamente | C21: 2"-B1E-MR-4010A | D21: 1 | E21: 1 dia | F21: 46250.583 | G21: 46251.5
A22: 2.8.12 | B22: Agendada Automaticamente | C22: 2"-D1E-LPG-4002A-C-3" | D22: 1 | E22: 1 dia | F22: 46250.583 | G22: 46251.5
... A39: 2.8.27 | B39: Agendada Automaticamente | C39: 2"-A1E-IA-9011 | D39: 0 | E39: 1 dia | F39: 46256.667 | G39: 46257.625
A40: 3 | B40: Agendada Manualmente | C40: Fabricação lote 2 | D40: 0 | E40: 10 dias | F40: 46258.292 | G40: 46266.667
A41: 3.1 | B41: Agendada Manualmente | C41: 1"-B3B-LO-5002A | D41: 0 | E41: 2 dias | F41: 46258.292 | G41: 46259.625
A42: 4 | B42: Agendada Manualmente | C42: 1"-B3B-LO-5004A | D42: 0 | E42: 2 dias | F42: 46258.292 | G42: 46259.625
A43: 4.8 | B43: Agendada Manualmente | C43: 10"-B3B-MR-5203A-PP-2" | D43: 0 | E43: 2 dias | F43: 46259.292 | G43: 46260.625
A44: 4.8.8 | B44: Agendada Automaticamente | C44: 10"-B3B-MR-5203B-PP-2" | D44: 0 | E44: 1 dia | F44: 46259.667 | G44: 46260.625
A45: 4.8.9 | B45: Agendada Automaticamente | C45: 16"-B3B-MR-5001A | D45: 0 | E45: 1 dia | F45: 46259.667 | G45: 46260.625
A46: 4.8.10 | B46: Agendada Automaticamente | C46: 16"-B3B-MR-5002A | D46: 0 | E46: 1 dia | F46: 46259.667 | G46: 46260.625
A47: 4.8.11 | B47: Agendada Automaticamente | C47: 3"-B3B-MR-5305B | D47: 0 | E47: 1 dia | F47: 46259.667 | G47: 46260.625
A48: 4.8.12 | B48: Agendada Automaticamente | C48: 3"-B3B-MR-5505A | D48: 0 | E48: 1 dia | F48: 46259.667 | G48: 46260.625
A49: 4.8.13 | B49: Agendada Automaticamente | C49: 4"-B3B-MR-5511A | D49: 0 | E49: 1 dia | F49: 46260.625 | G49: 46261.583
A50: 4.8.14 | B50: Agendada Automaticamente | C50: 4"-B3B-MR-5511B | D50: 0 | E50: 1 dia | F50: 46260.625 | G50: 46261.583
A51: 4.8.15 | B51: Agendada Automaticamente | C51: 6"-A3B-HF-5503A | D51: 0 | E51: 1 dia | F51: 46260.625 | G51: 46261.583
A52: 4.8.16 | B52: Agendada Automaticamente | C52: 6"-A3B-HF-5503B | D52: 0 | E52: 1 dia | F52: 46260.625 | G52: 46261.583
A53: 4.8.17 | B53: Agendada Automaticamente | C53: 6"-B3B-MR-5503A | D53: 0 | E53: 1 dia | F53: 46261.583 | G53: 46262.5
A54: 4.8.18 | B54: Agendada Automaticamente | C54: 6"-B3B-MR-5503B | D54: 0 | E54: 1 dia | F54: 46261.583 | G54: 46262.5
... A189: 4.8.50.26 | B189: Agendada Manualmente | C189: 3"-A1E-BOG-7009-C-2" | D189: 0 | E189: 1 dia | F189: 46280.292 | G189: 46280.667

Sheet Analise Cronograma TUB
K1: CRONOGRAMA 21/08/2026 | P1: CALCULO DO AVANÇO PREVISTO
K2: DATA MAXIMA POR LOTE PREVISTO LB | O2: PERCENTUAL DE AVANÇO REAL PONDERADO PELO PESO ACUM. | Q2: =R3-P3 -> 14 | R2: =Q3-P3 -> 4 | S2: =R2/Q2 -> 0.28571429
K3: 1º | L3: 2º | M3: 3º | N3: 4º | P3: 46251 | Q3: 46255 | R3: 46265
K4: =_xlfn.MAXIFS($H$9:$H$186,$I$9:$I$186,K3) -> 46251.75 | L4: =_xlfn.MAXIFS($H$9:$H$186,$I$9:$I$186,L3) -> 46265.75 | M4: =_xlfn.MAXIFS($H$9:$H$186,$I$9:$I$186,M3) -> 46280.75 | N4: =_xlfn.MAXIFS($H$9:$H$186,$I$9:$I$186,N3) -> 46287.75 | O4: =S6 -> 0.36849941 | P4: =SUMIFS(F9:F186,I9:I186,K3) -> 6996.4534 | Q4: =R4*S2 -> 2839.1086 | R4: =SUMIFS(F9:F186,I9:I186,L3) -> 9936.88
K5: DATA MAXIMA POR LOTE NO CRONOGRAMA | O5: PERCENTUAL DE AVANÇO REAL PONDERADO PELO PESO ACUM. | R5: =SUM(F9:F186) -> 26690.849
K6: 1º | L6: 2º | M6: 3º | N6: 4º | R6: =P4+Q4 -> 9835.5619 | S6: =R6/R5 -> 0.36849941
K7: =_xlfn.MAXIFS($M$9:$M$186,$I$9:$I$186,K6) -> 46257.625 | L7: =_xlfn.MAXIFS($M$9:$M$186,$I$9:$I$186,L6) -> 46267.667 | M7: =_xlfn.MAXIFS($M$9:$M$186,$I$9:$I$186,M6) -> 46279.5 | N7: =_xlfn.MAXIFS($M$9:$M$186,$I$9:$I$186,N6) -> 46286.375
A8: ITEM | B8: TAG PADRONIZADA | C8: LINHA | D8: SKID | E8: CWA | F8: FABRICAÇÃO ( KG ) | G8: FABRICAÇÃO ( Juntas ) | H8: DATA DE ENTREGA NO SITE PARA MONTAGEM | I8: LOTE | J8: DATA REAL RECEBIMENTO SITE | K8: TESTE ESCOPO | L8: STATUS DE FABRICAÇÃO | M8: DATA DE TÉRMINO CRONOGRAMA | N8: TESTE SE A DATA ATENDE A NECESSIDADE | O8: =SUM(O9:O186)/SUM(F9:F186) -> 0.12682671 | P8: VERIFICAÇÃO DA INFO
A9: 1 | B9: 1"-A1E-CF-4310A | C9: 1"-A1E-CF-4310A | D9: WASHING TOWER SKID A | E9: CWP 3.1 - LIQUEFACTION | F9: 18.05 | G9: 16 | H9: =VLOOKUP(D9,$D$195:$F$231,3,FALSE) -> 46251.75 | I9: =VLOOKUP(H9,$H$197:$I$200,2,FALSE) -> 1º | J9: 46254 | K9: =IF(VLOOKUP(C9,'Crono Furui'!$C$2:$C$189,1,FALSE)="","VERIFICAR","OK") -> OK | L9: =VLOOKUP(C9,'Crono Furui'!$C:$G,2,FALSE) -> 1 | M9: =VLOOKUP(C9,'Crono Furui'!$C:$G,5,FALSE) -> 46247.375 | N9: =IF(M9>H9=FALSE,"ATENDE",ROUNDUP(M9-H9,0)) -> ATENDE | O9: =L9*F9 -> 18.05
A10: 2 | B10: 1"-A3B-CWR-0612 | C10: 1"-A3B-CWR-0612 | D10: COMPRESSOR | E10: CWP 1.1 - INLET GAS | F10: 19.2204 | G10: 8 | H10: =VLOOKUP(D10,$D$195:$F$231,3,FALSE) -> 46280.75 | I10: =VLOOKUP(H10,$H$197:$I$200,2,FALSE) -> 3º | K10: =IF(VLOOKUP(C10,'Crono Furui'!$C$2:$C$189,1,FALSE)="","VERIFICAR","OK") -> OK | L10: =VLOOKUP(C10,'Crono Furui'!$C:$G,2,FALSE) -> 0 | M10: =VLOOKUP(C10,'Crono Furui'!$C:$G,5,FALSE) -> 46267.667 | N10: =IF(M10>H10=FALSE,"ATENDE",ROUNDUP(M10-H10,0)) -> ATENDE | O10: =L10*F10 -> 0
A11: 3 | B11: 1"-B1E-MR-4005A | C11: 1"-B1E-MR-4005A | D11: COLD BOX A | E11: CWP 3.1 - LIQUEFACTION | F11: 2.625 | G11: 4 | H11: =VLOOKUP(D11,$D$195:$F$231,3,FALSE) -> 46251.75 | I11: =VLOOKUP(H11,$H$197:$I$200,2,FALSE) -> 1º | J11: 46254 | K11: =IF(VLOOKUP(C11,'Crono Furui'!$C$2:$C$189,1,FALSE)="","VERIFICAR","OK") -> OK | L11: =VLOOKUP(C11,'Crono Furui'!$C:$G,2,FALSE) -> 0.6 | M11: =VLOOKUP(C11,'Crono Furui'!$C:$G,5,FALSE) -> 46247.625 | N11: =IF(M11>H11=FALSE,"ATENDE",ROUNDUP(M11-H11,0)) -> ATENDE | O11: =L11*F11 -> 1.575
A12: 4 | B12: 1"-B1E-MR-4006A | C12: 1"-B1E-MR-4006A | D12: COLD BOX A | E12: CWP 3.1 - LIQUEFACTION | F12: 2.625 | G12: 4 | H12: =VLOOKUP(D12,$D$195:$F$231,3,FALSE) -> 46251.75 | I12: =VLOOKUP(H12,$H$197:$I$200,2,FALSE) -> 1º | J12: 46254 | K12: =IF(VLOOKUP(C12,'Crono Furui'!$C$2:$C$189,1,FALSE)="","VERIFICAR","OK") -> OK | L12: =VLOOKUP(C12,'Crono Furui'!$C:$G,2,FALSE) -> 0.58 | M12: =VLOOKUP(C12,'Crono Furui'!$C:$G,5,FALSE) -> 46250.583 | N12: =IF(M12>H12=FALSE,"ATENDE",ROUNDUP(M12-H12,0)) -> ATENDE | O12: =L12*F12 -> 1.5225
A13: 5 | B13: 1"-B1E-MR-4007A | C13: 1"-B1E-MR-4007A | D13: COLD BOX A | E13: CWP 3.1 - LIQUEFACTION | F13: 2.625 | G13: 4 | H13: =VLOOKUP(D13,$D$195:$F$231,3,FALSE) -> 46251.75 | I13: =VLOOKUP(H13,$H$197:$I$200,2,FALSE) -> 1º | J13: 46254 | K13: =IF(VLOOKUP(C13,'Crono Furui'!$C$2:$C$189,1,FALSE)="","VERIFICAR","OK") -> OK | L13: =VLOOKUP(C13,'Crono Furui'!$C:$G,2,FALSE) -> 1 | M13: =VLOOKUP(C13,'Crono Furui'!$C:$G,5,FALSE) -> 46250.583 | N13: =IF(M13>H13=FALSE,"ATENDE",ROUNDUP(M13-H13,0)) -> ATENDE | O13: =L13*F13 -> 2.625
A14: 6 | B14: 1"-B1E-MR-4008A | C14: 1"-B1E-MR-4008A | D14: COLD BOX A | E14: CWP 3.1 - LIQUEFACTION | F14: 2.625 | G14: 4 | H14: =VLOOKUP(D14,$D$195:$F$231,3,FALSE) -> 46251.75 | I14: =VLOOKUP(H14,$H$197:$I$200,2,FALSE) -> 1º | J14: 46254 | K14: =IF(VLOOKUP(C14,'Crono Furui'!$C$2:$C$189,1,FALSE)="","VERIFICAR","OK") -> OK | L14: =VLOOKUP(C14,'Crono Furui'!$C:$G,2,FALSE) -> 1 | M14: =VLOOKUP(C14,'Crono Furui'!$C:$G,5,FALSE) -> 46250.583 | N14: =IF(M14>H14=FALSE,"ATENDE",ROUNDUP(M14-H14,0)) -> ATENDE | O14: =L14*F14 -> 2.625
A15: 7 | B15: 1"-B1E-MR-4009A | C15: 1"-B1E-MR-4009A | D15: COLD BOX A | E15: CWP 3.1 - LIQUEFACTION | F15: 2.625 | G15: 4 | H15: =VLOOKUP(D15,$D$195:$F$231,3,FALSE) -> 46251.75 | I15: =VLOOKUP(H15,$H$197:$I$200,2,FALSE) -> 1º | J15: 46254 | K15: =IF(VLOOKUP(C15,'Crono Furui'!$C$2:$C$189,1,FALSE)="","VERIFICAR","OK") -> OK | L15: =VLOOKUP(C15,'Crono Furui'!$C:$G,2,FALSE) -> 1 | M15: =VLOOKUP(C15,'Crono Furui'!$C:$G,5,FALSE) -> 46250.583 | N15: =IF(M15>H15=FALSE,"ATENDE",ROUNDUP(M15-H15,0)) -> ATENDE | O15: =L15*F15 -> 2.625
A16: 8 | B16: 1"-B3B-LO-5002A | C16: 1"-B3B-LO-5002A | D16: PIPERACK / MR LP COMPRESSOR SKID A | E16: CWP 3.1 - LIQUEFACTION | F16: 14.7698 | G16: 10 | H16: =VLOOKUP(D16,$D$195:$F$231,3,FALSE) -> 46265.75 | I16: =VLOOKUP(H16,$H$197:$I$200,2,FALSE) -> 2º | K16: =IF(VLOOKUP(C16,'Crono Furui'!$C$2:$C$189,1,FALSE)="","VERIFICAR","OK") -> OK | L16: =VLOOKUP(C16,'Crono Furui'!$C:$G,2,FALSE) -> 0 | M16: =VLOOKUP(C16,'Crono Furui'!$C:$G,5,FALSE) -> 46259.625 | N16: =IF(M16>H16=FALSE,"ATENDE",ROUNDUP(M16-H16,0)) -> ATENDE | O16: =L16*F16 -> 0
A17: 9 | B17: 1"-B3B-LO-5003A | C17: 1"-B3B-LO-5003A | D17: MR ACCUMULATION TANKS SKID | E17: CWP 3.1 - LIQUEFACTION | F17: 36.1224 | G17: 31 | H17: =VLOOKUP(D17,$D$195:$F$231,3,FALSE) -> 46251.75 | I17: =VLOOKUP(H17,$H$197:$I$200,2,FALSE) -> 1º | J17: 46254 | K17: =IF(VLOOKUP(C17,'Crono Furui'!$C$2:$C$189,1,FALSE)="","VERIFICAR","OK") -> OK | L17: =VLOOKUP(C17,'Crono Furui'!$C:$G,2,FALSE) -> 1 | M17: =VLOOKUP(C17,'Crono Furui'!$C:$G,5,FALSE) -> 46250.583 | N17: =IF(M17>H17=FALSE,"ATENDE",ROUNDUP(M17-H17,0)) -> ATENDE | O17: =L17*F17 -> 36.1224
A18: 10 | B18: 1"-B3B-LO-5004A | C18: 1"-B3B-LO-5004A | D18: PIPERACK / MR LP COMPRESSOR SKID A | E18: CWP 3.1 - LIQUEFACTION | F18: 35.0486 | G18: 12 | H18: =VLOOKUP(D18,$D$195:$F$231,3,FALSE) -> 46265.75 | I18: =VLOOKUP(H18,$H$197:$I$200,2,FALSE) -> 2º | K18: =IF(VLOOKUP(C18,'Crono Furui'!$C$2:$C$189,1,FALSE)="","VERIFICAR","OK") -> OK | L18: =VLOOKUP(C18,'Crono Furui'!$C:$G,2,FALSE) -> 0 | M18: =VLOOKUP(C18,'Crono Furui'!$C:$G,5,FALSE) -> 46259.625 | N18: =IF(M18>H18=FALSE,"ATENDE",ROUNDUP(M18-H18,0)) -> ATENDE | O18: =L18*F18 -> 0
A19: 11 | B19: 1"-B3B-LPG-LIT7301A | C19: 1"-B3B-LPG-LIT-7301A | D19: MIXED HYDROCARBON TANK | E19: CWP 2.1 - PRÉ-TREATMENT | F19: 3.124 | G19: 2 | H19: =VLOOKUP(D19,$D$195:$F$231,3,FALSE) -> 46280.75 | I19: =VLOOKUP(H19,$H$197:$I$200,2,FALSE) -> 3º | K19: =IF(VLOOKUP(C19,'Crono Furui'!$C$2:$C$189,1,FALSE)="","VERIFICAR","OK") -> OK | L19: =VLOOKUP(C19,'Crono Furui'!$C:$G,2,FALSE) -> 0 | M19: =VLOOKUP(C19,'Crono Furui'!$C:$G,5,FALSE) -> 46268.667 | N19: =IF(M19>H19=FALSE,"ATENDE",ROUNDUP(M19-H19,0)) -> ATENDE | O19: =L19*F19 -> 0
A20: 12 | B20: 1"-B3B-LPG-LIT7301B | C20: 1"-B3B-LPG-LIT-7301B | D20: MIXED HYDROCARBON TANK | E20: CWP 2.1 - PRÉ-TREATMENT | F20: 3.124 | G20: 2 | H20: =VLOOKUP(D20,$D$195:$F$231,3,FALSE) -> 46280.75 | I20: =VLOOKUP(H20,$H$197:$I$200,2,FALSE) -> 3º | K20: =IF(VLOOKUP(C20,'Crono Furui'!$C$2:$C$189,1,FALSE)="","VERIFICAR","OK") -> OK | L20: =VLOOKUP(C20,'Crono Furui'!$C:$G,2,FALSE) -> 0 | M20: =VLOOKUP(C20,'Crono Furui'!$C:$G,5,FALSE) -> 46268.667 | N20: =IF(M20>H20=FALSE,"ATENDE",ROUNDUP(M20-H20,0)) -> ATENDE | O20: =L20*F20 -> 0
A21: 13 | B21: 1"-D1E-LPG-4305A | C21: 1"-D1E-LPG-4305A-C-3" | D21: COLD BOX A | E21: CWP 3.1 - LIQUEFACTION | F21: 17.1972 | G21: 8 | H21: =VLOOKUP(D21,$D$195:$F$231,3,FALSE) -> 46251.75 | I21: =VLOOKUP(H21,$H$197:$I$200,2,FALSE) -> 1º | J21: 46254 | K21: =IF(VLOOKUP(C21,'Crono Furui'!$C$2:$C$189,1,FALSE)="","VERIFICAR","OK") -> OK | L21: =VLOOKUP(C21,'Crono Furui'!$C:$G,2,FALSE) -> 1 | M21: =VLOOKUP(C21,'Crono Furui'!$C:$G,5,FALSE) -> 46250.583 | N21: =IF(M21>H21=FALSE,"ATENDE",ROUNDUP(M21-H21,0)) -> ATENDE | O21: =L21*F21 -> 17.1972
A22: 14 | B22: 1"-D1E-LPG-4308A | C22: 1"-D1E-LPG-4308A-C-3" | D22: WASHING TOWER SKID A | E22: CWP 3.1 - LIQUEFACTION | F22: 28.1448 | G22: 10 | H22: =VLOOKUP(D22,$D$195:$F$231,3,FALSE) -> 46251.75 | I22: =VLOOKUP(H22,$H$197:$I$200,2,FALSE) -> 1º | J22: 46254 | K22: =IF(VLOOKUP(C22,'Crono Furui'!$C$2:$C$189,1,FALSE)="","VERIFICAR","OK") -> OK | L22: =VLOOKUP(C22,'Crono Furui'!$C:$G,2,FALSE) -> 1 | M22: =VLOOKUP(C22,'Crono Furui'!$C:$G,5,FALSE) -> 46250.583 | N22: =IF(M22>H22=FALSE,"ATENDE",ROUNDUP(M22-H22,0)) -> ATENDE | O22: =L22*F22 -> 28.1448
A23: 15 | B23: 1"-D1E-NG-4001A | C23: 1"-D1E-NG-4001A | D23: COLD BOX A | E23: CWP 3.1 - LIQUEFACTION | F23: 43.1928 | G23: 22 | H23: =VLOOKUP(D23,$D$195:$F$231,3,FALSE) -> 46251.75 | I23: =VLOOKUP(H23,$H$197:$I$200,2,FALSE) -> 1º | J23: 46254 | K23: =IF(VLOOKUP(C23,'Crono Furui'!$C$2:$C$189,1,FALSE)="","VERIFICAR","OK") -> OK | L23: =VLOOKUP(C23,'Crono Furui'!$C:$G,2,FALSE) -> 1 | M23: =VLOOKUP(C23,'Crono Furui'!$C:$G,5,FALSE) -> 46250.583 | N23: =IF(M23>H23=FALSE,"ATENDE",ROUNDUP(M23-H23,0)) -> ATENDE | O23: =L23*F23 -> 43.1928
A24: 16 | B24: 1"-D3B-NG-3105A | C24: 1"-D3B-NG-3105A | D24: MR ACCUMULATION TANKS SKID | E24: CWP 3.1 - LIQUEFACTION | F24: 22.364 | G24: 24 | H24: =VLOOKUP(D24,$D$195:$F$231,3,FALSE) -> 46251.75 | I24: =VLOOKUP(H24,$H$197:$I$200,2,FALSE) -> 1º | J24: xx | K24: =IF(VLOOKUP(C24,'Crono Furui'!$C$2:$C$189,1,FALSE)="","VERIFICAR","OK") -> OK | L24: =VLOOKUP(C24,'Crono Furui'!$C:$G,2,FALSE) -> 1 | M24: =VLOOKUP(C24,'Crono Furui'!$C:$G,5,FALSE) -> 46250.583 | N24: =IF(M24>H24=FALSE,"ATENDE",ROUNDUP(M24-H24,0)) -> ATENDE | O24: =L24*F24 -> 22.364 | P24: INFO INCOERENTE
A25: 17 | B25: 1.1/2"-A3B-CWR-0609 | C25: 1.1/2"-A3B-CWR-0609 | D25: COMPRESSOR | E25: CWP 1.1 - INLET GAS | F25: 18 | G25: 16 | H25: =VLOOKUP(D25,$D$195:$F$231,3,FALSE) -> 46280.75 | I25: =VLOOKUP(H25,$H$197:$I$200,2,FALSE) -> 3º | K25: =IF(VLOOKUP(C25,'Crono Furui'!$C$2:$C$189,1,FALSE)="","VERIFICAR","OK") -> OK | L25: =VLOOKUP(C25,'Crono Furui'!$C:$G,2,FALSE) -> 0 | M25: =VLOOKUP(C25,'Crono Furui'!$C:$G,5,FALSE) -> 46268.667 | N25: =IF(M25>H25=FALSE,"ATENDE",ROUNDUP(M25-H25,0)) -> ATENDE | O25: =L25*F25 -> 0
A26: 18 | B26: 1.1/2"-A3B-CWS-0601 | C26: 1.1/2"-A3B-CWS-0601 | D26: COMPRESSOR | E26: CWP 1.1 - INLET GAS | F26: 18 | G26: 16 | H26: =VLOOKUP(D26,$D$195:$F$231,3,FALSE) -> 46280.75 | I26: =VLOOKUP(H26,$H$197:$I$200,2,FALSE) -> 3º | K26: =IF(VLOOKUP(C26,'Crono Furui'!$C$2:$C$189,1,FALSE)="","VERIFICAR","OK") -> OK | L26: =VLOOKUP(C26,'Crono Furui'!$C:$G,2,FALSE) -> 0 | M26: =VLOOKUP(C26,'Crono Furui'!$C:$G,5,FALSE) -> 46268.667 | N26: =IF(M26>H26=FALSE,"ATENDE",ROUNDUP(M26-H26,0)) -> ATENDE | O26: =L26*F26 -> 0
A27: 19 | B27: 1/2"-A3B-CWS-0607 | C27: 1/2"-A3B-CWS-0607 | D27: COMPRESSOR | E27: CWP 1.1 - INLET GAS | F27: 8 | G27: 6 | H27: =VLOOKUP(D27,$D$195:$F$231,3,FALSE) -> 46280.75 | I27: =VLOOKUP(H27,$H$197:$I$200,2,FALSE) -> 3º | K27: =IF(VLOOKUP(C27,'Crono Furui'!$C$2:$C$189,1,FALSE)="","VERIFICAR","OK") -> OK | L27: =VLOOKUP(C27,'Crono Furui'!$C:$G,2,FALSE) -> 0 | M27: =VLOOKUP(C27,'Crono Furui'!$C:$G,5,FALSE) -> 46268.667 | N27: =IF(M27>H27=FALSE,"ATENDE",ROUNDUP(M27-H27,0)) -> ATENDE | O27: =L27*F27 -> 0
A28: 20 | B28: 1/2"-A3B-CWS-0608 | C28: 1/2"-A3B-CWS-0608 | D28: COMPRESSOR | E28: CWP 1.1 - INLET GAS | F28: 8 | G28: 8 | H28: =VLOOKUP(D28,$D$195:$F$231,3,FALSE) -> 46280.75 | I28: =VLOOKUP(H28,$H$197:$I$200,2,FALSE) -> 3º | K28: =IF(VLOOKUP(C28,'Crono Furui'!$C$2:$C$189,1,FALSE)="","VERIFICAR","OK") -> OK | L28: =VLOOKUP(C28,'Crono Furui'!$C:$G,2,FALSE) -> 0 | M28: =VLOOKUP(C28,'Crono Furui'!$C:$G,5,FALSE) -> 46268.667 | N28: =IF(M28>H28=FALSE,"ATENDE",ROUNDUP(M28-H28,0)) -> ATENDE | O28: =L28*F28 -> 0
A29: 21 | B29: 10"-A3B-HF-9301 | C29: 10"-A3B-HF-9301 | D29: PIPE RACK / DISCHARGE SEPARATION TANK | E29: CWP 1.1 - INLET GAS | F29: 565.3976 | G29: 53 | H29: =VLOOKUP(D29,$D$195:$F$231,3,FALSE) -> 46280.75 | I29: =VLOOKUP(H29,$H$197:$I$200,2,FALSE) -> 3º | K29: =IF(VLOOKUP(C29,'Crono Furui'!$C$2:$C$189,1,FALSE)="","VERIFICAR","OK") -> OK | L29: =VLOOKUP(C29,'Crono Furui'!$C:$G,2,FALSE) -> 0 | M29: =VLOOKUP(C29,'Crono Furui'!$C:$G,5,FALSE) -> 46268.667 | N29: =IF(M29>H29=FALSE,"ATENDE",ROUNDUP(M29-H29,0)) -> ATENDE | O29: =L29*F29 -> 0
A30: 22 | B30: 10"-A3B-HF-9401 | C30: 10"-A3B-HF-9401 | D30: PIPE RACK / DISCHARGE SEPARATION TANK | E30: CWP 1.1 - INLET GAS | F30: 168.9113 | G30: 23 | H30: =VLOOKUP(D30,$D$195:$F$231,3,FALSE) -> 46280.75 | I30: =VLOOKUP(H30,$H$197:$I$200,2,FALSE) -> 3º | K30: =IF(VLOOKUP(C30,'Crono Furui'!$C$2:$C$189,1,FALSE)="","VERIFICAR","OK") -> OK | L30: =VLOOKUP(C30,'Crono Furui'!$C:$G,2,FALSE) -> 0 | M30: =VLOOKUP(C30,'Crono Furui'!$C:$G,5,FALSE) -> 46269.625 | N30: =IF(M30>H30=FALSE,"ATENDE",ROUNDUP(M30-H30,0)) -> ATENDE | O30: =L30*F30 -> 0
A31: 23 | B31: 10"-B3B-MR-5203A | C31: 10"-B3B-MR-5203A-PP-2" | D31: PIPE RACK / MR LP COMPRESSOR SKID B | E31: CWP 3.1 - LIQUEFACTION | F31: 1104.1905 | G31: 9 | H31: =VLOOKUP(D31,$D$195:$F$231,3,FALSE) -> 46265.75 | I31: =VLOOKUP(H31,$H$197:$I$200,2,FALSE) -> 2º | J31: 46267 | K31: =IF(VLOOKUP(C31,'Crono Furui'!$C$2:$C$189,1,FALSE)="","VERIFICAR","OK") -> OK | L31: =VLOOKUP(C31,'Crono Furui'!$C:$G,2,FALSE) -> 0 | M31: =VLOOKUP(C31,'Crono Furui'!$C:$G,5,FALSE) -> 46260.625 | N31: =IF(M31>H31=FALSE,"ATENDE",ROUNDUP(M31-H31,0)) -> ATENDE | O31: =L31*F31 -> 0
A32: 24 | B32: 10"-B3B-MR-5203B | C32: 10"-B3B-MR-5203B-PP-2" | D32: PIPE RACK / MR HP COMPRESSOR SKID A | E32: CWP 3.1 - LIQUEFACTION | F32: 1161.466 | G32: 9 | H32: =VLOOKUP(D32,$D$195:$F$231,3,FALSE) -> 46265.75 | I32: =VLOOKUP(H32,$H$197:$I$200,2,FALSE) -> 2º | J32: 46267 | K32: =IF(VLOOKUP(C32,'Crono Furui'!$C$2:$C$189,1,FALSE)="","VERIFICAR","OK") -> OK | L32: =VLOOKUP(C32,'Crono Furui'!$C:$G,2,FALSE) -> 0 | M32: =VLOOKUP(C32,'Crono Furui'!$C:$G,5,FALSE) -> 46260.625 | N32: =IF(M32>H32=FALSE,"ATENDE",ROUNDUP(M32-H32,0)) -> ATENDE | O32: =L32*F32 -> 0
A33: 25 | B33: 16"-B3B-MR-5001A | C33: 16"-B3B-MR-5001A | D33: PIPERACK / MR LP COMPRESSOR SKID A | E33: CWP 3.1 - LIQUEFACTION | F33: 332.9846 | G33: 4 | H33: =VLOOKUP(D33,$D$195:$F$231,3,FALSE) -> 46265.75 | I33: =VLOOKUP(H33,$H$197:$I$200,2,FALSE) -> 2º | J33: 46267 | K33: =IF(VLOOKUP(C33,'Crono Furui'!$C$2:$C$189,1,FALSE)="","VERIFICAR","OK") -> OK | L33: =VLOOKUP(C33,'Crono Furui'!$C:$G,2,FALSE) -> 0 | M33: =VLOOKUP(C33,'Crono Furui'!$C:$G,5,FALSE) -> 46260.625 | N33: =IF(M33>H33=FALSE,"ATENDE",ROUNDUP(M33-H33,0)) -> ATENDE | O33: =L33*F33 -> 0
A34: 26 | B34: 16"-B3B-MR-5002A | C34: 16"-B3B-MR-5002A | D34: PIPE RACK / MR LP COMPRESSOR SKID B | E34: CWP 3.1 - LIQUEFACTION | F34: 332.9846 | G34: 4 | H34: =VLOOKUP(D34,$D$195:$F$231,3,FALSE) -> 46265.75 | I34: =VLOOKUP(H34,$H$197:$I$200,2,FALSE) -> 2º | J34: 46267 | K34: =IF(VLOOKUP(C34,'Crono Furui'!$C$2:$C$189,1,FALSE)="","VERIFICAR","OK") -> OK | L34: =VLOOKUP(C34,'Crono Furui'!$C:$G,2,FALSE) -> 0 | M34: =VLOOKUP(C34,'Crono Furui'!$C:$G,5,FALSE) -> 46260.625 | N34: =IF(M34>H34=FALSE,"ATENDE",ROUNDUP(M34-H34,0)) -> ATENDE | O34: =L34*F34 -> 0
A35: 27 | B35: 2"-A1E-BOG-7001A | C35: 2"-A1E-BOG-7001A-C-2" | D35: LNG TANK A | E35: CWP 4.1 - STORAGE TANKS | F35: 16.6122 | G35: 11 | H35: =VLOOKUP(D35,$D$195:$F$231,3,FALSE) -> 46287.75 | I35: =VLOOKUP(H35,$H$197:$I$200,2,FALSE) -> 4º | K35: =IF(VLOOKUP(C35,'Crono Furui'!$C$2:$C$189,1,FALSE)="","VERIFICAR","OK") -> OK | L35: =VLOOKUP(C35,'Crono Furui'!$C:$G,2,FALSE) -> 0 | M35: =VLOOKUP(C35,'Crono Furui'!$C:$G,5,FALSE) -> 46281.625 | N35: =IF(M35>H35=FALSE,"ATENDE",ROUNDUP(M35-H35,0)) -> ATENDE | O35: =L35*F35 -> 0
A36: 28 | B36: 2"-A1E-BOG-7002A | C36: 2"-A1E-BOG-7002A-C-2" | D36: LNG TANK B | E36: CWP 4.1 - STORAGE TANKS | F36: 16.5725 | G36: 11 | H36: =VLOOKUP(D36,$D$195:$F$231,3,FALSE) -> 46287.75 | I36: =VLOOKUP(H36,$H$197:$I$200,2,FALSE) -> 4º | K36: =IF(VLOOKUP(C36,'Crono Furui'!$C$2:$C$189,1,FALSE)="","VERIFICAR","OK") -> OK | L36: =VLOOKUP(C36,'Crono Furui'!$C:$G,2,FALSE) -> 0 | M36: =VLOOKUP(C36,'Crono Furui'!$C:$G,5,FALSE) -> 46281.625 | N36: =IF(M36>H36=FALSE,"ATENDE",ROUNDUP(M36-H36,0)) -> ATENDE | O36: =L36*F36 -> 0
A37: 29 | B37: 2"-A1E-BOG-7003B | C37: 2"-A1E-BOG-7003B-C-2" | D37: LNG TANK C | E37: CWP 4.1 - STORAGE TANKS | F37: 16.7313 | G37: 11 | H37: =VLOOKUP(D37,$D$195:$F$231,3,FALSE) -> 46287.75 | I37: =VLOOKUP(H37,$H$197:$I$200,2,FALSE) -> 4º | K37: =IF(VLOOKUP(C37,'Crono Furui'!$C$2:$C$189,1,FALSE)="","VERIFICAR","OK") -> OK | L37: =VLOOKUP(C37,'Crono Furui'!$C:$G,2,FALSE) -> 0 | M37: =VLOOKUP(C37,'Crono Furui'!$C:$G,5,FALSE) -> 46281.625 | N37: =IF(M37>H37=FALSE,"ATENDE",ROUNDUP(M37-H37,0)) -> ATENDE | O37: =L37*F37 -> 0
A38: 30 | B38: 2"-A1E-BOG-7004B | C38: 2"-A1E-BOG-7004B-C-2" | D38: LNG TANK D | E38: CWP 4.1 - STORAGE TANKS | F38: 16.6122 | G38: 11 | H38: =VLOOKUP(D38,$D$195:$F$231,3,FALSE) -> 46287.75 | I38: =VLOOKUP(H38,$H$197:$I$200,2,FALSE) -> 4º | K38: =IF(VLOOKUP(C38,'Crono Furui'!$C$2:$C$189,1,FALSE)="","VERIFICAR","OK") -> OK | L38: =VLOOKUP(C38,'Crono Furui'!$C:$G,2,FALSE) -> 0 | M38: =VLOOKUP(C38,'Crono Furui'!$C:$G,5,FALSE) -> 46281.625 | N38: =IF(M38>H38=FALSE,"ATENDE",ROUNDUP(M38-H38,0)) -> ATENDE | O38: =L38*F38 -> 0
A39: 31 | B39: 2"-A1E-BOG-7005C | C39: 2"-A1E-BOG-7005C-C-2" | D39: LNG TANK E | E39: CWP 4.1 - STORAGE TANKS | F39: 16.6519 | G39: 11 | H39: =VLOOKUP(D39,$D$195:$F$231,3,FALSE) -> 46287.75 | I39: =VLOOKUP(H39,$H$197:$I$200,2,FALSE) -> 4º | K39: =IF(VLOOKUP(C39,'Crono Furui'!$C$2:$C$189,1,FALSE)="","VERIFICAR","OK") -> OK | L39: =VLOOKUP(C39,'Crono Furui'!$C:$G,2,FALSE) -> 0 | M39: =VLOOKUP(C39,'Crono Furui'!$C:$G,5,FALSE) -> 46282.583 | N39: =IF(M39>H39=FALSE,"ATENDE",ROUNDUP(M39-H39,0)) -> ATENDE | O39: =L39*F39 -> 0
A40: 32 | B40: 2"-A1E-BOG-7006A | C40: 2"-A1E-BOG-7006A-C-3" | D40: LNG TANK A | E40: CWP 4.1 - STORAGE TANKS | F40: 20.6775 | G40: 9 | H40: =VLOOKUP(D40,$D$195:$F$231,3,FALSE) -> 46287.75 | I40: =VLOOKUP(H40,$H$197:$I$200,2,FALSE) -> 4º | K40: =IF(VLOOKUP(C40,'Crono Furui'!$C$2:$C$189,1,FALSE)="","VERIFICAR","OK") -> OK | L40: =VLOOKUP(C40,'Crono Furui'!$C:$G,2,FALSE) -> 0 | M40: =VLOOKUP(C40,'Crono Furui'!$C:$G,5,FALSE) -> 46282.583 | N40: =IF(M40>H40=FALSE,"ATENDE",ROUNDUP(M40-H40,0)) -> ATENDE | O40: =L40*F40 -> 0
A41: 33 | B41: 2"-A1E-BOG-7006C | C41: 2"-A1E-BOG-7006C-C-2" | D41: LNG TANK F | E41: CWP 4.1 - STORAGE TANKS | F41: 16.7313 | G41: 11 | H41: =VLOOKUP(D41,$D$195:$F$231,3,FALSE) -> 46287.75 | I41: =VLOOKUP(H41,$H$197:$I$200,2,FALSE) -> 4º | K41: =IF(VLOOKUP(C41,'Crono Furui'!$C$2:$C$189,1,FALSE)="","VERIFICAR","OK") -> OK | L41: =VLOOKUP(C41,'Crono Furui'!$C:$G,2,FALSE) -> 0 | M41: =VLOOKUP(C41,'Crono Furui'!$C:$G,5,FALSE) -> 46282.583 | N41: =IF(M41>H41=FALSE,"ATENDE",ROUNDUP(M41-H41,0)) -> ATENDE | O41: =L41*F41 -> 0
A42: 34 | B42: 2"-A1E-BOG-7007A | C42: 2"-A1E-BOG-7007A-C-3" | D42: LNG TANK B | E42: CWP 4.1 - STORAGE TANKS | F42: 20.6775 | G42: 9 | H42: =VLOOKUP(D42,$D$195:$F$231,3,FALSE) -> 46287.75 | I42: =VLOOKUP(H42,$H$197:$I$200,2,FALSE) -> 4º | K42: =IF(VLOOKUP(C42,'Crono Furui'!$C$2:$C$189,1,FALSE)="","VERIFICAR","OK") -> OK | L42: =VLOOKUP(C42,'Crono Furui'!$C:$G,2,FALSE) -> 0 | M42: =VLOOKUP(C42,'Crono Furui'!$C:$G,5,FALSE) -> 46282.583 | N42: =IF(M42>H42=FALSE,"ATENDE",ROUNDUP(M42-H42,0)) -> ATENDE | O42: =L42*F42 -> 0
A43: 35 | B43: 2"-A1E-BOG-7008B | C43: 2"-A1E-BOG-7008B-C-3" | D43: LNG TANK C | E43: CWP 4.1 - STORAGE TANKS | F43: 20.6775 | G43: 9 | H43: =VLOOKUP(D43,$D$195:$F$231,3,FALSE) -> 46287.75 | I43: =VLOOKUP(H43,$H$197:$I$200,2,FALSE) -> 4º | K43: =IF(VLOOKUP(C43,'Crono Furui'!$C$2:$C$189,1,FALSE)="","VERIFICAR","OK") -> OK | L43: =VLOOKUP(C43,'Crono Furui'!$C:$G,2,FALSE) -> 0 | M43: =VLOOKUP(C43,'Crono Furui'!$C:$G,5,FALSE) -> 46283.5 | N43: =IF(M43>H43=FALSE,"ATENDE",ROUNDUP(M43-H43,0)) -> ATENDE | O43: =L43*F43 -> 0
A44: 36 | B44: 2"-A1E-BOG-7009B | C44: 2"-A1E-BOG-7009B-C-3" | D44: PIPE RACK | E44: CWP 4.1 - STORAGE TANKS | F44: 20.7172 | G44: 9 | H44: =VLOOKUP(D44,$D$195:$F$231,3,FALSE) -> 46287.75 | I44: =VLOOKUP(H44,$H$197:$I$200,2,FALSE) -> 4º | K44: =IF(VLOOKUP(C44,'Crono Furui'!$C$2:$C$189,1,FALSE)="","VERIFICAR","OK") -> OK | L44: =VLOOKUP(C44,'Crono Furui'!$C:$G,2,FALSE) -> 0 | M44: =VLOOKUP(C44,'Crono Furui'!$C:$G,5,FALSE) -> 46283.5 | N44: =IF(M44>H44=FALSE,"ATENDE",ROUNDUP(M44-H44,0)) -> ATENDE | O44: =L44*F44 -> 0
A45: 37 | B45: 2"-A1E-BOG-7010C | C45: 2"-A1E-BOG-7010C-C-3" | D45: LNG TANK E | E45: CWP 4.1 - STORAGE TANKS | F45: 20.7569 | G45: 9 | H45: =VLOOKUP(D45,$D$195:$F$231,3,FALSE) -> 46287.75 | I45: =VLOOKUP(H45,$H$197:$I$200,2,FALSE) -> 4º | K45: =IF(VLOOKUP(C45,'Crono Furui'!$C$2:$C$189,1,FALSE)="","VERIFICAR","OK") -> OK | L45: =VLOOKUP(C45,'Crono Furui'!$C:$G,2,FALSE) -> 0 | M45: =VLOOKUP(C45,'Crono Furui'!$C:$G,5,FALSE) -> 46283.5 | N45: =IF(M45>H45=FALSE,"ATENDE",ROUNDUP(M45-H45,0)) -> ATENDE | O45: =L45*F45 -> 0
A46: 38 | B46: 2"-A1E-BOG-7011C | C46: 2"-A1E-BOG-7011C-C-3" | D46: LNG TANK F | E46: CWP 4.1 - STORAGE TANKS | F46: 20.7966 | G46: 9 | H46: =VLOOKUP(D46,$D$195:$F$231,3,FALSE) -> 46287.75 | I46: =VLOOKUP(H46,$H$197:$I$200,2,FALSE) -> 4º | K46: =IF(VLOOKUP(C46,'Crono Furui'!$C$2:$C$189,1,FALSE)="","VERIFICAR","OK") -> OK | L46: =VLOOKUP(C46,'Crono Furui'!$C:$G,2,FALSE) -> 0 | M46: =VLOOKUP(C46,'Crono Furui'!$C:$G,5,FALSE) -> 46283.5 | N46: =IF(M46>H46=FALSE,"ATENDE",ROUNDUP(M46-H46,0)) -> ATENDE | O46: =L46*F46 -> 0
A47: 39 | B47: 2"-A1E-BOG-7205B | C47: 2"-A1E-BOG-7205B | D47: SKID | E47: CWP 7.1 LOADING AREA | F47: 34.4477 | G47: 18 | H47: =VLOOKUP(D47,$D$195:$F$231,3,FALSE) -> 46287.75 | I47: =VLOOKUP(H47,$H$197:$I$200,2,FALSE) -> 4º | K47: =IF(VLOOKUP(C47,'Crono Furui'!$C$2:$C$189,1,FALSE)="","VERIFICAR","OK") -> OK | L47: =VLOOKUP(C47,'Crono Furui'!$C:$G,2,FALSE) -> 0 | M47: =VLOOKUP(C47,'Crono Furui'!$C:$G,5,FALSE) -> 46283.5 | N47: =IF(M47>H47=FALSE,"ATENDE",ROUNDUP(M47-H47,0)) -> ATENDE | O47: =L47*F47 -> 0
A48: 40 | B48: 2"-A1E-CF-4007A | C48: 2"-A1E-CF-4007A | D48: MR ACCUMULATION TANKS SKID | E48: CWP 3.1 - LIQUEFACTION | F48: 32.8421 | G48: 12 | H48: =VLOOKUP(D48,$D$195:$F$231,3,FALSE) -> 46251.75 | I48: =VLOOKUP(H48,$H$197:$I$200,2,FALSE) -> 1º | J48: 46254 | K48: =IF(VLOOKUP(C48,'Crono Furui'!$C$2:$C$189,1,FALSE)="","VERIFICAR","OK") -> OK | L48: =VLOOKUP(C48,'Crono Furui'!$C:$G,2,FALSE) -> 1 | M48: =VLOOKUP(C48,'Crono Furui'!$C:$G,5,FALSE) -> 46251.5 | N48: =IF(M48>H48=FALSE,"ATENDE",ROUNDUP(M48-H48,0)) -> ATENDE | O48: =L48*F48 -> 32.8421
A49: 41 | B49: 2"-A1E-CF-7201 | C49: 2"-A1E-CF-7201 | D49: SKID | E49: CWP 7.1 LOADING AREA | F49: 25.4392 | G49: 8 | H49: =VLOOKUP(D49,$D$195:$F$231,3,FALSE) -> 46287.75 | I49: =VLOOKUP(H49,$H$197:$I$200,2,FALSE) -> 4º | K49: =IF(VLOOKUP(C49,'Crono Furui'!$C$2:$C$189,1,FALSE)="","VERIFICAR","OK") -> OK | L49: =VLOOKUP(C49,'Crono Furui'!$C:$G,2,FALSE) -> 0 | M49: =VLOOKUP(C49,'Crono Furui'!$C:$G,5,FALSE) -> 46284.458 | N49: =IF(M49>H49=FALSE,"ATENDE",ROUNDUP(M49-H49,0)) -> ATENDE | O49: =L49*F49 -> 0
A50: 42 | B50: 2"-A3B-WW-9401 | C50: 2"-A3B-WW-9401 | D50: PIPE RACK / DISCHARGE SEPARATION TANK | E50: CWP 1.1 - INLET GAS | F50: 25.8762 | G50: 17 | H50: =VLOOKUP(D50,$D$195:$F$231,3,FALSE) -> 46280.75 | I50: =VLOOKUP(H50,$H$197:$I$200,2,FALSE) -> 3º | K50: =IF(VLOOKUP(C50,'Crono Furui'!$C$2:$C$189,1,FALSE)="","VERIFICAR","OK") -> OK | L50: =VLOOKUP(C50,'Crono Furui'!$C:$G,2,FALSE) -> 0 | M50: =VLOOKUP(C50,'Crono Furui'!$C:$G,5,FALSE) -> 46269.625 | N50: =IF(M50>H50=FALSE,"ATENDE",ROUNDUP(M50-H50,0)) -> ATENDE | O50: =L50*F50 -> 0
A51: 43 | B51: 2"-A3B-WW-9402 | C51: 2"-A3B-WW-9402 | D51: PIPE RACK / DISCHARGE SEPARATION TANK | E51: CWP 1.1 - INLET GAS | F51: 16.203 | G51: 10 | H51: =VLOOKUP(D51,$D$195:$F$231,3,FALSE) -> 46280.75 | I51: =VLOOKUP(H51,$H$197:$I$200,2,FALSE) -> 3º | K51: =IF(VLOOKUP(C51,'Crono Furui'!$C$2:$C$189,1,FALSE)="","VERIFICAR","OK") -> OK | L51: =VLOOKUP(C51,'Crono Furui'!$C:$G,2,FALSE) -> 0 | M51: =VLOOKUP(C51,'Crono Furui'!$C:$G,5,FALSE) -> 46269.625 | N51: =IF(M51>H51=FALSE,"ATENDE",ROUNDUP(M51-H51,0)) -> ATENDE | O51: =L51*F51 -> 0
A52: 44 | B52: 2"-A3B-WW-LIT9401A | C52: 2"-A3B-WW-LIT9401A | D52: PIPE RACK / DISCHARGE SEPARATION TANK | E52: CWP 1.1 - INLET GAS | F52: 6.1616 | G52: 6 | H52: =VLOOKUP(D52,$D$195:$F$231,3,FALSE) -> 46280.75 | I52: =VLOOKUP(H52,$H$197:$I$200,2,FALSE) -> 3º | K52: =IF(VLOOKUP(C52,'Crono Furui'!$C$2:$C$189,1,FALSE)="","VERIFICAR","OK") -> OK | L52: =VLOOKUP(C52,'Crono Furui'!$C:$G,2,FALSE) -> 0 | M52: =VLOOKUP(C52,'Crono Furui'!$C:$G,5,FALSE) -> 46269.625 | N52: =IF(M52>H52=FALSE,"ATENDE",ROUNDUP(M52-H52,0)) -> ATENDE | O52: =L52*F52 -> 0
A53: 45 | B53: 2"-A3B-WW-LIT9401B | C53: 2"-A3B-WW-LIT9401B | D53: PIPE RACK / DISCHARGE SEPARATION TANK | E53: CWP 1.1 - INLET GAS | F53: 6.1616 | G53: 2 | H53: =VLOOKUP(D53,$D$195:$F$231,3,FALSE) -> 46280.75 | I53: =VLOOKUP(H53,$H$197:$I$200,2,FALSE) -> 3º | K53: =IF(VLOOKUP(C53,'Crono Furui'!$C$2:$C$189,1,FALSE)="","VERIFICAR","OK") -> OK | L53: =VLOOKUP(C53,'Crono Furui'!$C:$G,2,FALSE) -> 0 | M53: =VLOOKUP(C53,'Crono Furui'!$C:$G,5,FALSE) -> 46270.583 | N53: =IF(M53>H53=FALSE,"ATENDE",ROUNDUP(M53-H53,0)) -> ATENDE | O53: =L53*F53 -> 0
A54: 46 | B54: 2"-B1E-MR-4010A | C54: 2"-B1E-MR-4010A | D54: COLD BOX A | E54: CWP 3.1 - LIQUEFACTION | F54: 31.2074 | G54: 19 | H54: =VLOOKUP(D54,$D$195:$F$231,3,FALSE) -> 46251.75 | I54: =VLOOKUP(H54,$H$197:$I$200,2,FALSE) -> 1º | J54: 46254 | K54: =IF(VLOOKUP(C54,'Crono Furui'!$C$2:$C$189,1,FALSE)="","VERIFICAR","OK") -> OK | L54: =VLOOKUP(C54,'Crono Furui'!$C:$G,2,FALSE) -> 1 | M54: =VLOOKUP(C54,'Crono Furui'!$C:$G,5,FALSE) -> 46251.5 | N54: =IF(M54>H54=FALSE,"ATENDE",ROUNDUP(M54-H54,0)) -> ATENDE | O54: =L54*F54 -> 31.2074 | P54: INFO INCOERENTE
A55: 47 | B55: 2"-B3B-LPG-1001 | C55: 2"-B3B-LPG-1001 | D55: DEACIDIFICATION A | E55: CWP 2.1 - PRÉ-TREATMENT | F55: 127.9872 | G55: 18 | H55: =VLOOKUP(D55,$D$195:$F$231,3,FALSE) -> 46280.75 | I55: =VLOOKUP(H55,$H$197:$I$200,2,FALSE) -> 3º | K55: =IF(VLOOKUP(C55,'Crono Furui'!$C$2:$C$189,1,FALSE)="","VERIFICAR","OK") -> OK | L55: =VLOOKUP(C55,'Crono Furui'!$C:$G,2,FALSE) -> 0 | M55: =VLOOKUP(C55,'Crono Furui'!$C:$G,5,FALSE) -> 46270.583 | N55: =IF(M55>H55=FALSE,"ATENDE",ROUNDUP(M55-H55,0)) -> ATENDE | O55: =L55*F55 -> 0
A56: 48 | B56: 2"-B3B-LPG-7302 | C56: 2"-B3B-LPG-7302 | D56: MIXED HYDROCARBON TANK | E56: CWP 2.1 - PRÉ-TREATMENT | F56: 156.5424 | G56: 27 | H56: =VLOOKUP(D56,$D$195:$F$231,3,FALSE) -> 46280.75 | I56: =VLOOKUP(H56,$H$197:$I$200,2,FALSE) -> 3º | K56: =IF(VLOOKUP(C56,'Crono Furui'!$C$2:$C$189,1,FALSE)="","VERIFICAR","OK") -> OK | L56: =VLOOKUP(C56,'Crono Furui'!$C:$G,2,FALSE) -> 0 | M56: =VLOOKUP(C56,'Crono Furui'!$C:$G,5,FALSE) -> 46270.583 | N56: =IF(M56>H56=FALSE,"ATENDE",ROUNDUP(M56-H56,0)) -> ATENDE | O56: =L56*F56 -> 0
A57: 49 | B57: 2"-B3B-LPG-LIT7301A | C57: 2"-B3B-LPG-LIT-7301A | D57: MIXED HYDROCARBON TANK | E57: CWP 2.1 - PRÉ-TREATMENT | F57: 9.016 | G57: 2 | H57: =VLOOKUP(D57,$D$195:$F$231,3,FALSE) -> 46280.75 | I57: =VLOOKUP(H57,$H$197:$I$200,2,FALSE) -> 3º | K57: =IF(VLOOKUP(C57,'Crono Furui'!$C$2:$C$189,1,FALSE)="","VERIFICAR","OK") -> OK | L57: =VLOOKUP(C57,'Crono Furui'!$C:$G,2,FALSE) -> 0 | M57: =VLOOKUP(C57,'Crono Furui'!$C:$G,5,FALSE) -> 46270.583 | N57: =IF(M57>H57=FALSE,"ATENDE",ROUNDUP(M57-H57,0)) -> ATENDE | O57: =L57*F57 -> 0
A58: 50 | B58: 2"-B3B-LPG-LIT7301B | C58: 2"-B3B-LPG-LIT-7301B | D58: MIXED HYDROCARBON TANK | E58: CWP 2.1 - PRÉ-TREATMENT | F58: 9.016 | G58: 2 | H58: =VLOOKUP(D58,$D$195:$F$231,3,FALSE) -> 46280.75 | I58: =VLOOKUP(H58,$H$197:$I$200,2,FALSE) -> 3º | K58: =IF(VLOOKUP(C58,'Crono Furui'!$C$2:$C$189,1,FALSE)="","VERIFICAR","OK") -> OK | L58: =VLOOKUP(C58,'Crono Furui'!$C:$G,2,FALSE) -> 0 | M58: =VLOOKUP(C58,'Crono Furui'!$C:$G,5,FALSE) -> 46270.583 | N58: =IF(M58>H58=FALSE,"ATENDE",ROUNDUP(M58-H58,0)) -> ATENDE | O58: =L58*F58 -> 0
A59: 51 | B59: 2"-B3B-NG-0305 | C59: 2"-B3B-NG-0305 | D59: DEACIDIFICATION A | E59: CWP 2.1 - PRÉ-TREATMENT | F59: 18.0264 | G59: 8 | H59: =VLOOKUP(D59,$D$195:$F$231,3,FALSE) -> 46280.75 | I59: =VLOOKUP(H59,$H$197:$I$200,2,FALSE) -> 3º | K59: =IF(VLOOKUP(C59,'Crono Furui'!$C$2:$C$189,1,FALSE)="","VERIFICAR","OK") -> OK | L59: =VLOOKUP(C59,'Crono Furui'!$C:$G,2,FALSE) -> 0 | M59: =VLOOKUP(C59,'Crono Furui'!$C:$G,5,FALSE) -> 46271.5 | N59: =IF(M59>H59=FALSE,"ATENDE",ROUNDUP(M59-H59,0)) -> ATENDE | O59: =L59*F59 -> 0
A60: 52 | B60: 2"-B3B-NG-7301 | C60: 2"-B3B-NG-7301 | D60: DEACIDIFICATION A | E60: CWP 2.1 - PRÉ-TREATMENT | F60: 168.8416 | G60: 25 | H60: =VLOOKUP(D60,$D$195:$F$231,3,FALSE) -> 46280.75 | I60: =VLOOKUP(H60,$H$197:$I$200,2,FALSE) -> 3º | K60: =IF(VLOOKUP(C60,'Crono Furui'!$C$2:$C$189,1,FALSE)="","VERIFICAR","OK") -> OK | L60: =VLOOKUP(C60,'Crono Furui'!$C:$G,2,FALSE) -> 0 | M60: =VLOOKUP(C60,'Crono Furui'!$C:$G,5,FALSE) -> 46271.5 | N60: =IF(M60>H60=FALSE,"ATENDE",ROUNDUP(M60-H60,0)) -> ATENDE | O60: =L60*F60 -> 0
A61: 53 | B61: 2"-B3B-WW-7302 | C61: 2"-B3B-WW-7302 | D61: MIXED HYDROCARBON TANK | E61: CWP 2.1 - PRÉ-TREATMENT | F61: 0.35 | G61: 1 | H61: =VLOOKUP(D61,$D$195:$F$231,3,FALSE) -> 46280.75 | I61: =VLOOKUP(H61,$H$197:$I$200,2,FALSE) -> 3º | K61: =IF(VLOOKUP(C61,'Crono Furui'!$C$2:$C$189,1,FALSE)="","VERIFICAR","OK") -> OK | L61: =VLOOKUP(C61,'Crono Furui'!$C:$G,2,FALSE) -> 0 | M61: =VLOOKUP(C61,'Crono Furui'!$C:$G,5,FALSE) -> 46271.5 | N61: =IF(M61>H61=FALSE,"ATENDE",ROUNDUP(M61-H61,0)) -> ATENDE | O61: =L61*F61 -> 0
A62: 54 | B62: 2"-D1E-LPG-4002A | C62: 2"-D1E-LPG-4002A-C-3" | D62: COLD BOX A | E62: CWP 3.1 - LIQUEFACTION | F62: 38.7344 | G62: 12 | H62: =VLOOKUP(D62,$D$195:$F$231,3,FALSE) -> 46251.75 | I62: =VLOOKUP(H62,$H$197:$I$200,2,FALSE) -> 1º | J62: 46254 | K62: =IF(VLOOKUP(C62,'Crono Furui'!$C$2:$C$189,1,FALSE)="","VERIFICAR","OK") -> OK | L62: =VLOOKUP(C62,'Crono Furui'!$C:$G,2,FALSE) -> 1 | M62: =VLOOKUP(C62,'Crono Furui'!$C:$G,5,FALSE) -> 46251.5 | N62: =IF(M62>H62=FALSE,"ATENDE",ROUNDUP(M62-H62,0)) -> ATENDE | O62: =L62*F62 -> 38.7344
A63: 55 | B63: 24"-B1E-MR-4012A | C63: 24"-B1E-MR-4012A | D63: COLD BOX A | E63: CWP 3.1 - LIQUEFACTION | F63: 1720.9357 | G63: 12 | H63: =VLOOKUP(D63,$D$195:$F$231,3,FALSE) -> 46251.75 | I63: =VLOOKUP(H63,$H$197:$I$200,2,FALSE) -> 1º | J63: 46262 | K63: =IF(VLOOKUP(C63,'Crono Furui'!$C$2:$C$189,1,FALSE)="","VERIFICAR","OK") -> OK | L63: =VLOOKUP(C63,'Crono Furui'!$C:$G,2,FALSE) -> 1 | M63: =VLOOKUP(C63,'Crono Furui'!$C:$G,5,FALSE) -> 46252.458 | N63: =IF(M63>H63=FALSE,"ATENDE",ROUNDUP(M63-H63,0)) -> 1 | O63: =L63*F63 -> 1720.9357 | P63: INFO INCOERENTE
A64: 56 | B64: 24"-B1E-MR-5003A | C64: 24"-B1E-MR-5003A | D64: MR ACCUMULATION TANKS SKID | E64: CWP 3.1 - LIQUEFACTION | F64: 2252.0689 | G64: 15 | H64: =VLOOKUP(D64,$D$195:$F$231,3,FALSE) -> 46251.75 | I64: =VLOOKUP(H64,$H$197:$I$200,2,FALSE) -> 1º | J64: 46262 | K64: =IF(VLOOKUP(C64,'Crono Furui'!$C$2:$C$189,1,FALSE)="","VERIFICAR","OK") -> OK | L64: =VLOOKUP(C64,'Crono Furui'!$C:$G,2,FALSE) -> 0.4 | M64: =VLOOKUP(C64,'Crono Furui'!$C:$G,5,FALSE) -> 46252.458 | N64: =IF(M64>H64=FALSE,"ATENDE",ROUNDUP(M64-H64,0)) -> 1 | O64: =L64*F64 -> 900.82756
A65: 57 | B65: 3"-A1E-BOG-7101A | C65: 3"-A1E-BOG-7101A-C-3" | D65: LNG PUMP SKID A | E65: CWP 4.1 - STORAGE TANKS | F65: 24.7475 | G65: 6 | H65: =VLOOKUP(D65,$D$195:$F$231,3,FALSE) -> 46287.75 | I65: =VLOOKUP(H65,$H$197:$I$200,2,FALSE) -> 4º | K65: =IF(VLOOKUP(C65,'Crono Furui'!$C$2:$C$189,1,FALSE)="","VERIFICAR","OK") -> OK | L65: =VLOOKUP(C65,'Crono Furui'!$C:$G,2,FALSE) -> 0 | M65: =VLOOKUP(C65,'Crono Furui'!$C:$G,5,FALSE) -> 46285.417 | N65: =IF(M65>H65=FALSE,"ATENDE",ROUNDUP(M65-H65,0)) -> ATENDE | O65: =L65*F65 -> 0
A66: 58 | B66: 3"-A1E-BOG-7101B | C66: 3"-A1E-BOG-7101B-C-3" | D66: LNG PUMP SKID B | E66: CWP 4.1 - STORAGE TANKS | F66: 28.093 | G66: 8 | H66: =VLOOKUP(D66,$D$195:$F$231,3,FALSE) -> 46287.75 | I66: =VLOOKUP(H66,$H$197:$I$200,2,FALSE) -> 4º | K66: =IF(VLOOKUP(C66,'Crono Furui'!$C$2:$C$189,1,FALSE)="","VERIFICAR","OK") -> OK | L66: =VLOOKUP(C66,'Crono Furui'!$C:$G,2,FALSE) -> 0 | M66: =VLOOKUP(C66,'Crono Furui'!$C:$G,5,FALSE) -> 46285.417 | N66: =IF(M66>H66=FALSE,"ATENDE",ROUNDUP(M66-H66,0)) -> ATENDE | O66: =L66*F66 -> 0
A67: 59 | B67: 3"-A1E-CF-4102 | C67: 3"-A1E-CF-4102 | D67: MR ACCUMULATION TANKS SKID | E67: CWP 3.1 - LIQUEFACTION | F67: 13.8675 | G67: 18 | H67: =VLOOKUP(D67,$D$195:$F$231,3,FALSE) -> 46251.75 | I67: =VLOOKUP(H67,$H$197:$I$200,2,FALSE) -> 1º | J67: 46262 | K67: =IF(VLOOKUP(C67,'Crono Furui'!$C$2:$C$189,1,FALSE)="","VERIFICAR","OK") -> OK | L67: =VLOOKUP(C67,'Crono Furui'!$C:$G,2,FALSE) -> 0.4 | M67: =VLOOKUP(C67,'Crono Furui'!$C:$G,5,FALSE) -> 46251.5 | N67: =IF(M67>H67=FALSE,"ATENDE",ROUNDUP(M67-H67,0)) -> ATENDE | O67: =L67*F67 -> 5.547
A68: 60 | B68: 3"-A1E-CF-7108A | C68: 3"-A1E-CF-7108A | D68: PIPE RACK | E68: CWP 4.1 - STORAGE TANKS | F68: 37.5465 | G68: 13 | H68: =VLOOKUP(D68,$D$195:$F$231,3,FALSE) -> 46287.75 | I68: =VLOOKUP(H68,$H$197:$I$200,2,FALSE) -> 4º | K68: =IF(VLOOKUP(C68,'Crono Furui'!$C$2:$C$189,1,FALSE)="","VERIFICAR","OK") -> OK | L68: =VLOOKUP(C68,'Crono Furui'!$C:$G,2,FALSE) -> 0 | M68: =VLOOKUP(C68,'Crono Furui'!$C:$G,5,FALSE) -> 46285.417 | N68: =IF(M68>H68=FALSE,"ATENDE",ROUNDUP(M68-H68,0)) -> ATENDE | O68: =L68*F68 -> 0
A69: 61 | B69: 3"-A1E-CF-7108B | C69: 3"-A1E-CF-7108B | D69: PIPE RACK | E69: CWP 4.1 - STORAGE TANKS | F69: 37.601 | G69: 13 | H69: =VLOOKUP(D69,$D$195:$F$231,3,FALSE) -> 46287.75 | I69: =VLOOKUP(H69,$H$197:$I$200,2,FALSE) -> 4º | K69: =IF(VLOOKUP(C69,'Crono Furui'!$C$2:$C$189,1,FALSE)="","VERIFICAR","OK") -> OK | L69: =VLOOKUP(C69,'Crono Furui'!$C:$G,2,FALSE) -> 0 | M69: =VLOOKUP(C69,'Crono Furui'!$C:$G,5,FALSE) -> 46285.417 | N69: =IF(M69>H69=FALSE,"ATENDE",ROUNDUP(M69-H69,0)) -> ATENDE | O69: =L69*F69 -> 0
A70: 62 | B70: 3"-A3B-FG-8105 | C70: 3"-A3B-FG-8105 | D70: HOT OIL | E70: CWP 1.1 - INLET GAS | F70: 212.0493 | G70: 17 | H70: =VLOOKUP(D70,$D$195:$F$231,3,FALSE) -> 46280.75 | I70: =VLOOKUP(H70,$H$197:$I$200,2,FALSE) -> 3º | K70: =IF(VLOOKUP(C70,'Crono Furui'!$C$2:$C$189,1,FALSE)="","VERIFICAR","OK") -> OK | L70: =VLOOKUP(C70,'Crono Furui'!$C:$G,2,FALSE) -> 0 | M70: =VLOOKUP(C70,'Crono Furui'!$C:$G,5,FALSE) -> 46272.458 | N70: =IF(M70>H70=FALSE,"ATENDE",ROUNDUP(M70-H70,0)) -> ATENDE | O70: =L70*F70 -> 0
A71: 63 | B71: 3"-A3B-HM-8201 | C71: 3"-A3B-HM-8201-H-3" | D71: HOT OIL | E71: CWP 1.1 - INLET GAS | F71: 4.5 | G71: 21 | H71: =VLOOKUP(D71,$D$195:$F$231,3,FALSE) -> 46280.75 | I71: =VLOOKUP(H71,$H$197:$I$200,2,FALSE) -> 3º | K71: =IF(VLOOKUP(C71,'Crono Furui'!$C$2:$C$189,1,FALSE)="","VERIFICAR","OK") -> OK | L71: =VLOOKUP(C71,'Crono Furui'!$C:$G,2,FALSE) -> 0 | M71: =VLOOKUP(C71,'Crono Furui'!$C:$G,5,FALSE) -> 46272.458 | N71: =IF(M71>H71=FALSE,"ATENDE",ROUNDUP(M71-H71,0)) -> ATENDE | O71: =L71*F71 -> 0
A72: 64 | B72: 3"-A3B-NG-7401 | C72: 3"-A3B-NG-7401 | D72: DEACIDIFICATION A | E72: CWP 2.1 - PRÉ-TREATMENT | F72: 71.81434 | G72: 14 | H72: =VLOOKUP(D72,$D$195:$F$231,3,FALSE) -> 46280.75 | I72: =VLOOKUP(H72,$H$197:$I$200,2,FALSE) -> 3º | K72: =IF(VLOOKUP(C72,'Crono Furui'!$C$2:$C$189,1,FALSE)="","VERIFICAR","OK") -> OK | L72: =VLOOKUP(C72,'Crono Furui'!$C:$G,2,FALSE) -> 0 | M72: =VLOOKUP(C72,'Crono Furui'!$C:$G,5,FALSE) -> 46272.458 | N72: =IF(M72>H72=FALSE,"ATENDE",ROUNDUP(M72-H72,0)) -> ATENDE | O72: =L72*F72 -> 0
A73: 65 | B73: 3"-B3B-MR-5305B | C73: 3"-B3B-MR-5305B | D73: PIPE RACK / MR LP COMPRESSOR SKID B | E73: CWP 3.1 - LIQUEFACTION | F73: 204.3489 | G73: 10 | H73: =VLOOKUP(D73,$D$195:$F$231,3,FALSE) -> 46265.75 | I73: =VLOOKUP(H73,$H$197:$I$200,2,FALSE) -> 2º | J73: 46268 | K73: =IF(VLOOKUP(C73,'Crono Furui'!$C$2:$C$189,1,FALSE)="","VERIFICAR","OK") -> OK | L73: =VLOOKUP(C73,'Crono Furui'!$C:$G,2,FALSE) -> 0 | M73: =VLOOKUP(C73,'Crono Furui'!$C:$G,5,FALSE) -> 46260.625 | N73: =IF(M73>H73=FALSE,"ATENDE",ROUNDUP(M73-H73,0)) -> ATENDE | O73: =L73*F73 -> 0
A74: 66 | B74: 3"-B3B-MR-5505A | C74: 3"-B3B-MR-5505A | D74: PIPE RACK / MR LP COMPRESSOR SKID B | E74: CWP 3.1 - LIQUEFACTION | F74: 199.8345 | G74: 10 | H74: =VLOOKUP(D74,$D$195:$F$231,3,FALSE) -> 46265.75 | I74: =VLOOKUP(H74,$H$197:$I$200,2,FALSE) -> 2º | J74: 46267 | K74: =IF(VLOOKUP(C74,'Crono Furui'!$C$2:$C$189,1,FALSE)="","VERIFICAR","OK") -> OK | L74: =VLOOKUP(C74,'Crono Furui'!$C:$G,2,FALSE) -> 0 | M74: =VLOOKUP(C74,'Crono Furui'!$C:$G,5,FALSE) -> 46260.625 | N74: =IF(M74>H74=FALSE,"ATENDE",ROUNDUP(M74-H74,0)) -> ATENDE | O74: =L74*F74 -> 0
A75: 67 | B75: 3/4"-A3B-CWS-0603 | C75: 3/4"-A3B-CWS-0603 | D75: COMPRESSOR | E75: CWP 1.1 - INLET GAS | F75: 8 | G75: 6 | H75: =VLOOKUP(D75,$D$195:$F$231,3,FALSE) -> 46280.75 | I75: =VLOOKUP(H75,$H$197:$I$200,2,FALSE) -> 3º | K75: =IF(VLOOKUP(C75,'Crono Furui'!$C$2:$C$189,1,FALSE)="","VERIFICAR","OK") -> OK | L75: =VLOOKUP(C75,'Crono Furui'!$C:$G,2,FALSE) -> 0 | M75: =VLOOKUP(C75,'Crono Furui'!$C:$G,5,FALSE) -> 46273.417 | N75: =IF(M75>H75=FALSE,"ATENDE",ROUNDUP(M75-H75,0)) -> ATENDE | O75: =L75*F75 -> 0
A76: 68 | B76: 3/4"-A3B-CWS-0604 | C76: 3/4"-A3B-CWS-0604 | D76: COMPRESSOR | E76: CWP 1.1 - INLET GAS | F76: 8 | G76: 8 | H76: =VLOOKUP(D76,$D$195:$F$231,3,FALSE) -> 46280.75 | I76: =VLOOKUP(H76,$H$197:$I$200,2,FALSE) -> 3º | K76: =IF(VLOOKUP(C76,'Crono Furui'!$C$2:$C$189,1,FALSE)="","VERIFICAR","OK") -> OK | L76: =VLOOKUP(C76,'Crono Furui'!$C:$G,2,FALSE) -> 0 | M76: =VLOOKUP(C76,'Crono Furui'!$C:$G,5,FALSE) -> 46273.417 | N76: =IF(M76>H76=FALSE,"ATENDE",ROUNDUP(M76-H76,0)) -> ATENDE | O76: =L76*F76 -> 0
A77: 69 | B77: 3/4"-A3B-CWS-0605 | C77: 3/4"-A3B-CWS-0605 | D77: COMPRESSOR | E77: CWP 1.1 - INLET GAS | F77: 20 | G77: 18 | H77: =VLOOKUP(D77,$D$195:$F$231,3,FALSE) -> 46280.75 | I77: =VLOOKUP(H77,$H$197:$I$200,2,FALSE) -> 3º | K77: =IF(VLOOKUP(C77,'Crono Furui'!$C$2:$C$189,1,FALSE)="","VERIFICAR","OK") -> OK | L77: =VLOOKUP(C77,'Crono Furui'!$C:$G,2,FALSE) -> 0 | M77: =VLOOKUP(C77,'Crono Furui'!$C:$G,5,FALSE) -> 46273.417 | N77: =IF(M77>H77=FALSE,"ATENDE",ROUNDUP(M77-H77,0)) -> ATENDE | O77: =L77*F77 -> 0
A78: 70 | B78: 4"-A3B-BOG-7204 | C78: 4"-A3B-BOG-7204 | D78: DEHYDRATION C | E78: CWP 2.1 - PRÉ-TREATMENT | F78: 277.06689 | G78: 23 | H78: =VLOOKUP(D78,$D$195:$F$231,3,FALSE) -> 46280.75 | I78: =VLOOKUP(H78,$H$197:$I$200,2,FALSE) -> 3º | K78: =IF(VLOOKUP(C78,'Crono Furui'!$C$2:$C$189,1,FALSE)="","VERIFICAR","OK") -> OK | L78: =VLOOKUP(C78,'Crono Furui'!$C:$G,2,FALSE) -> 0 | M78: =VLOOKUP(C78,'Crono Furui'!$C:$G,5,FALSE) -> 46273.417 | N78: =IF(M78>H78=FALSE,"ATENDE",ROUNDUP(M78-H78,0)) -> ATENDE | O78: =L78*F78 -> 0
A79: 71 | B79: 4"-A3B-HF-4006A | C79: 4"-A3B-HF-4006A | D79: MR ACCUMULATION TANKS SKID | E79: CWP 3.1 - LIQUEFACTION | F79: 53.272 | G79: 14 | H79: =VLOOKUP(D79,$D$195:$F$231,3,FALSE) -> 46251.75 | I79: =VLOOKUP(H79,$H$197:$I$200,2,FALSE) -> 1º | J79: 46262 | K79: =IF(VLOOKUP(C79,'Crono Furui'!$C$2:$C$189,1,FALSE)="","VERIFICAR","OK") -> OK | L79: =VLOOKUP(C79,'Crono Furui'!$C:$G,2,FALSE) -> 0.4 | M79: =VLOOKUP(C79,'Crono Furui'!$C:$G,5,FALSE) -> 46252.458 | N79: =IF(M79>H79=FALSE,"ATENDE",ROUNDUP(M79-H79,0)) -> 1 | O79: =L79*F79 -> 21.3088
A80: 72 | B80: 4"-A3B-HF-5001A | C80: 4"-A3B-HF-5001A | D80: MR ACCUMULATION TANKS SKID | E80: CWP 3.1 - LIQUEFACTION | F80: 37.658 | G80: 15 | H80: =VLOOKUP(D80,$D$195:$F$231,3,FALSE) -> 46251.75 | I80: =VLOOKUP(H80,$H$197:$I$200,2,FALSE) -> 1º | J80: 46262 | K80: =IF(VLOOKUP(C80,'Crono Furui'!$C$2:$C$189,1,FALSE)="","VERIFICAR","OK") -> OK | L80: =VLOOKUP(C80,'Crono Furui'!$C:$G,2,FALSE) -> 0.4 | M80: =VLOOKUP(C80,'Crono Furui'!$C:$G,5,FALSE) -> 46253.417 | N80: =IF(M80>H80=FALSE,"ATENDE",ROUNDUP(M80-H80,0)) -> 2 | O80: =L80*F80 -> 15.0632
A81: 73 | B81: 4"-A3B-HF-5007A | C81: 4"-A3B-HF-5007A | D81: MR ACCUMULATION TANKS SKID | E81: CWP 3.1 - LIQUEFACTION | F81: 43.92725 | G81: 19 | H81: =VLOOKUP(D81,$D$195:$F$231,3,FALSE) -> 46251.75 | I81: =VLOOKUP(H81,$H$197:$I$200,2,FALSE) -> 1º | J81: 46262 | K81: =IF(VLOOKUP(C81,'Crono Furui'!$C$2:$C$189,1,FALSE)="","VERIFICAR","OK") -> OK | L81: =VLOOKUP(C81,'Crono Furui'!$C:$G,2,FALSE) -> 0.4 | M81: =VLOOKUP(C81,'Crono Furui'!$C:$G,5,FALSE) -> 46253.417 | N81: =IF(M81>H81=FALSE,"ATENDE",ROUNDUP(M81-H81,0)) -> 2 | O81: =L81*F81 -> 17.5709
A82: 74 | B82: 4"-A3B-HF-7401 | C82: 4"-A3B-HF-7401 | D82: DEHYDRATION C | E82: CWP 2.1 - PRÉ-TREATMENT | F82: 49.39875 | G82: 4 | H82: =VLOOKUP(D82,$D$195:$F$231,3,FALSE) -> 46280.75 | I82: =VLOOKUP(H82,$H$197:$I$200,2,FALSE) -> 3º | K82: =IF(VLOOKUP(C82,'Crono Furui'!$C$2:$C$189,1,FALSE)="","VERIFICAR","OK") -> OK | L82: =VLOOKUP(C82,'Crono Furui'!$C:$G,2,FALSE) -> 0 | M82: =VLOOKUP(C82,'Crono Furui'!$C:$G,5,FALSE) -> 46274.375 | N82: =IF(M82>H82=FALSE,"ATENDE",ROUNDUP(M82-H82,0)) -> ATENDE | O82: =L82*F82 -> 0
A83: 75 | B83: 4"-B3B-MR-5511A | C83: 4"-B3B-MR-5511A | D83: PIPE RACK / MR HP COMPRESSOR SKID A | E83: CWP 3.1 - LIQUEFACTION | F83: 55.22825 | G83: 7 | H83: =VLOOKUP(D83,$D$195:$F$231,3,FALSE) -> 46265.75 | I83: =VLOOKUP(H83,$H$197:$I$200,2,FALSE) -> 2º | J83: 46267 | K83: =IF(VLOOKUP(C83,'Crono Furui'!$C$2:$C$189,1,FALSE)="","VERIFICAR","OK") -> OK | L83: =VLOOKUP(C83,'Crono Furui'!$C:$G,2,FALSE) -> 0 | M83: =VLOOKUP(C83,'Crono Furui'!$C:$G,5,FALSE) -> 46261.583 | N83: =IF(M83>H83=FALSE,"ATENDE",ROUNDUP(M83-H83,0)) -> ATENDE | O83: =L83*F83 -> 0
A84: 76 | B84: 4"-B3B-MR-5511B | C84: 4"-B3B-MR-5511B | D84: PIPE RACK / MR HP COMPRESSOR SKID B | E84: CWP 3.1 - LIQUEFACTION | F84: 54.103 | G84: 10 | H84: =VLOOKUP(D84,$D$195:$F$231,3,FALSE) -> 46265.75 | I84: =VLOOKUP(H84,$H$197:$I$200,2,FALSE) -> 2º | J84: 46267 | K84: =IF(VLOOKUP(C84,'Crono Furui'!$C$2:$C$189,1,FALSE)="","VERIFICAR","OK") -> OK | L84: =VLOOKUP(C84,'Crono Furui'!$C:$G,2,FALSE) -> 0 | M84: =VLOOKUP(C84,'Crono Furui'!$C:$G,5,FALSE) -> 46261.583 | N84: =IF(M84>H84=FALSE,"ATENDE",ROUNDUP(M84-H84,0)) -> ATENDE | O84: =L84*F84 -> 0
A85: 77 | B85: 6"-A1E-CF-4004A | C85: 6"-A1E-CF-4004A | D85: WASHING TOWER SKID A | E85: CWP 3.1 - LIQUEFACTION | F85: 102.956 | G85: 12 | H85: =VLOOKUP(D85,$D$195:$F$231,3,FALSE) -> 46251.75 | I85: =VLOOKUP(H85,$H$197:$I$200,2,FALSE) -> 1º | J85: 46262 | K85: =IF(VLOOKUP(C85,'Crono Furui'!$C$2:$C$189,1,FALSE)="","VERIFICAR","OK") -> OK | L85: =VLOOKUP(C85,'Crono Furui'!$C:$G,2,FALSE) -> 0.4 | M85: =VLOOKUP(C85,'Crono Furui'!$C:$G,5,FALSE) -> 46255.333 | N85: =IF(M85>H85=FALSE,"ATENDE",ROUNDUP(M85-H85,0)) -> 4 | O85: =L85*F85 -> 41.1824
A86: 78 | B86: 6"-A3B-HF-0404A | C86: 6"-A3B-HF-0404A | D86: COMPRESSOR | E86: CWP 1.1 - INLET GAS | F86: 147.85349 | G86: 10 | H86: =VLOOKUP(D86,$D$195:$F$231,3,FALSE) -> 46280.75 | I86: =VLOOKUP(H86,$H$197:$I$200,2,FALSE) -> 3º | K86: =IF(VLOOKUP(C86,'Crono Furui'!$C$2:$C$189,1,FALSE)="","VERIFICAR","OK") -> OK | L86: =VLOOKUP(C86,'Crono Furui'!$C:$G,2,FALSE) -> 0 | M86: =VLOOKUP(C86,'Crono Furui'!$C:$G,5,FALSE) -> 46274.375 | N86: =IF(M86>H86=FALSE,"ATENDE",ROUNDUP(M86-H86,0)) -> ATENDE | O86: =L86*F86 -> 0
A87: 79 | B87: 6"-A3B-HF-0404B | C87: 6"-A3B-HF-0404B | D87: COMPRESSOR | E87: CWP 1.1 - INLET GAS | F87: 152.19354 | G87: 6 | H87: =VLOOKUP(D87,$D$195:$F$231,3,FALSE) -> 46280.75 | I87: =VLOOKUP(H87,$H$197:$I$200,2,FALSE) -> 3º | K87: =IF(VLOOKUP(C87,'Crono Furui'!$C$2:$C$189,1,FALSE)="","VERIFICAR","OK") -> OK | L87: =VLOOKUP(C87,'Crono Furui'!$C:$G,2,FALSE) -> 0 | M87: =VLOOKUP(C87,'Crono Furui'!$C:$G,5,FALSE) -> 46274.375 | N87: =IF(M87>H87=FALSE,"ATENDE",ROUNDUP(M87-H87,0)) -> ATENDE | O87: =L87*F87 -> 0
A88: 80 | B88: 6"-A3B-HF-4002A | C88: 6"-A3B-HF-4002A | D88: MR ACCUMULATION TANKS SKID | E88: CWP 3.1 - LIQUEFACTION | F88: 107.57289 | G88: 13 | H88: =VLOOKUP(D88,$D$195:$F$231,3,FALSE) -> 46251.75 | I88: =VLOOKUP(H88,$H$197:$I$200,2,FALSE) -> 1º | J88: 46262 | K88: =IF(VLOOKUP(C88,'Crono Furui'!$C$2:$C$189,1,FALSE)="","VERIFICAR","OK") -> OK | L88: =VLOOKUP(C88,'Crono Furui'!$C:$G,2,FALSE) -> 0.4 | M88: =VLOOKUP(C88,'Crono Furui'!$C:$G,5,FALSE) -> 46255.333 | N88: =IF(M88>H88=FALSE,"ATENDE",ROUNDUP(M88-H88,0)) -> 4 | O88: =L88*F88 -> 43.029156
A89: 81 | B89: 6"-A3B-HF-5503A | C89: 6"-A3B-HF-5503A | D89: PIPE RACK / MR HP COMPRESSOR SKID A | E89: CWP 3.1 - LIQUEFACTION | F89: 74.78342 | G89: 4 | H89: =VLOOKUP(D89,$D$195:$F$231,3,FALSE) -> 46265.75 | I89: =VLOOKUP(H89,$H$197:$I$200,2,FALSE) -> 2º | K89: =IF(VLOOKUP(C89,'Crono Furui'!$C$2:$C$189,1,FALSE)="","VERIFICAR","OK") -> OK | L89: =VLOOKUP(C89,'Crono Furui'!$C:$G,2,FALSE) -> 0 | M89: =VLOOKUP(C89,'Crono Furui'!$C:$G,5,FALSE) -> 46261.583 | N89: =IF(M89>H89=FALSE,"ATENDE",ROUNDUP(M89-H89,0)) -> ATENDE | O89: =L89*F89 -> 0
A90: 82 | B90: 6"-A3B-HF-5503B | C90: 6"-A3B-HF-5503B | D90: PIPE RACK / MR HP COMPRESSOR SKID B | E90: CWP 3.1 - LIQUEFACTION | F90: 77.04478 | G90: 4 | H90: =VLOOKUP(D90,$D$195:$F$231,3,FALSE) -> 46265.75 | I90: =VLOOKUP(H90,$H$197:$I$200,2,FALSE) -> 2º | K90: =IF(VLOOKUP(C90,'Crono Furui'!$C$2:$C$189,1,FALSE)="","VERIFICAR","OK") -> OK | L90: =VLOOKUP(C90,'Crono Furui'!$C:$G,2,FALSE) -> 0 | M90: =VLOOKUP(C90,'Crono Furui'!$C:$G,5,FALSE) -> 46261.583 | N90: =IF(M90>H90=FALSE,"ATENDE",ROUNDUP(M90-H90,0)) -> ATENDE | O90: =L90*F90 -> 0
A91: 83 | B91: 6"-B1E-MR-4001A | C91: 6"-B1E-MR-4001A-C-3" | D91: COLD BOX A | E91: CWP 3.1 - LIQUEFACTION | F91: 281.012 | G91: 25 | H91: =VLOOKUP(D91,$D$195:$F$231,3,FALSE) -> 46251.75 | I91: =VLOOKUP(H91,$H$197:$I$200,2,FALSE) -> 1º | J91: 46262 | K91: =IF(VLOOKUP(C91,'Crono Furui'!$C$2:$C$189,1,FALSE)="","VERIFICAR","OK") -> OK | L91: =VLOOKUP(C91,'Crono Furui'!$C:$G,2,FALSE) -> 0.4 | M91: =VLOOKUP(C91,'Crono Furui'!$C:$G,5,FALSE) -> 46255.708 | N91: =IF(M91>H91=FALSE,"ATENDE",ROUNDUP(M91-H91,0)) -> 4 | O91: =L91*F91 -> 112.4048
A92: 84 | B92: 6"-B1E-MR-4003A | C92: 6"-B1E-MR-4003A-C-4" | D92: COLD BOX A | E92: CWP 3.1 - LIQUEFACTION | F92: 284.39 | G92: 20 | H92: =VLOOKUP(D92,$D$195:$F$231,3,FALSE) -> 46251.75 | I92: =VLOOKUP(H92,$H$197:$I$200,2,FALSE) -> 1º | J92: 46262 | K92: =IF(VLOOKUP(C92,'Crono Furui'!$C$2:$C$189,1,FALSE)="","VERIFICAR","OK") -> OK | L92: =VLOOKUP(C92,'Crono Furui'!$C:$G,2,FALSE) -> 0.4 | M92: =VLOOKUP(C92,'Crono Furui'!$C:$G,5,FALSE) -> 46255.708 | N92: =IF(M92>H92=FALSE,"ATENDE",ROUNDUP(M92-H92,0)) -> 4 | O92: =L92*F92 -> 113.756
A93: 85 | B93: 6"-B3B-MR-4018A | C93: 6"-B3B-MR-4018A | D93: COLD BOX A | E93: CWP 3.1 - LIQUEFACTION | F93: 395.37725 | G93: 76 | H93: =VLOOKUP(D93,$D$195:$F$231,3,FALSE) -> 46251.75 | I93: =VLOOKUP(H93,$H$197:$I$200,2,FALSE) -> 1º | J93: 46262 | K93: =IF(VLOOKUP(C93,'Crono Furui'!$C$2:$C$189,1,FALSE)="","VERIFICAR","OK") -> OK | L93: =VLOOKUP(C93,'Crono Furui'!$C:$G,2,FALSE) -> 0.29 | M93: =VLOOKUP(C93,'Crono Furui'!$C:$G,5,FALSE) -> 46255.708 | N93: =IF(M93>H93=FALSE,"ATENDE",ROUNDUP(M93-H93,0)) -> 4 | O93: =L93*F93 -> 114.6594
A94: 86 | B94: 6"-B3B-MR-5503A | C94: 6"-B3B-MR-5503A | D94: PIPE RACK / MR HP COMPRESSOR SKID A | E94: CWP 3.1 - LIQUEFACTION | F94: 145.83591 | G94: 7 | H94: =VLOOKUP(D94,$D$195:$F$231,3,FALSE) -> 46265.75 | I94: =VLOOKUP(H94,$H$197:$I$200,2,FALSE) -> 2º | J94: 46267 | K94: =IF(VLOOKUP(C94,'Crono Furui'!$C$2:$C$189,1,FALSE)="","VERIFICAR","OK") -> OK | L94: =VLOOKUP(C94,'Crono Furui'!$C:$G,2,FALSE) -> 0 | M94: =VLOOKUP(C94,'Crono Furui'!$C:$G,5,FALSE) -> 46262.5 | N94: =IF(M94>H94=FALSE,"ATENDE",ROUNDUP(M94-H94,0)) -> ATENDE | O94: =L94*F94 -> 0
A95: 87 | B95: 6"-B3B-MR-5503B | C95: 6"-B3B-MR-5503B | D95: PIPE RACK / MR HP COMPRESSOR SKID B | E95: CWP 3.1 - LIQUEFACTION | F95: 146.68392 | G95: 10 | H95: =VLOOKUP(D95,$D$195:$F$231,3,FALSE) -> 46265.75 | I95: =VLOOKUP(H95,$H$197:$I$200,2,FALSE) -> 2º | J95: 46267 | K95: =IF(VLOOKUP(C95,'Crono Furui'!$C$2:$C$189,1,FALSE)="","VERIFICAR","OK") -> OK | L95: =VLOOKUP(C95,'Crono Furui'!$C:$G,2,FALSE) -> 0 | M95: =VLOOKUP(C95,'Crono Furui'!$C:$G,5,FALSE) -> 46262.5 | N95: =IF(M95>H95=FALSE,"ATENDE",ROUNDUP(M95-H95,0)) -> ATENDE | O95: =L95*F95 -> 0
A96: 88 | B96: 6"-D1E-NG-4301A | C96: 6"-D1E-NG-4301A-C-3" | D96: WASHING TOWER SKID A | E96: CWP 3.1 - LIQUEFACTION | F96: 229.8352 | G96: 10 | H96: =VLOOKUP(D96,$D$195:$F$231,3,FALSE) -> 46251.75 | I96: =VLOOKUP(H96,$H$197:$I$200,2,FALSE) -> 1º | J96: 46262 | K96: =IF(VLOOKUP(C96,'Crono Furui'!$C$2:$C$189,1,FALSE)="","VERIFICAR","OK") -> OK | L96: =VLOOKUP(C96,'Crono Furui'!$C:$G,2,FALSE) -> 0 | M96: =VLOOKUP(C96,'Crono Furui'!$C:$G,5,FALSE) -> 46255.333 | N96: =IF(M96>H96=FALSE,"ATENDE",ROUNDUP(M96-H96,0)) -> 4 | O96: =L96*F96 -> 0
A97: 89 | B97: 6"-D3B-NG-0407A | C97: 6"-D3B-NG-0407A | D97: COMPRESSOR | E97: CWP 1.1 - INLET GAS | F97: 106.924 | G97: 7 | H97: =VLOOKUP(D97,$D$195:$F$231,3,FALSE) -> 46280.75 | I97: =VLOOKUP(H97,$H$197:$I$200,2,FALSE) -> 3º | K97: =IF(VLOOKUP(C97,'Crono Furui'!$C$2:$C$189,1,FALSE)="","VERIFICAR","OK") -> OK | L97: =VLOOKUP(C97,'Crono Furui'!$C:$G,2,FALSE) -> 0 | M97: =VLOOKUP(C97,'Crono Furui'!$C:$G,5,FALSE) -> 46274.375 | N97: =IF(M97>H97=FALSE,"ATENDE",ROUNDUP(M97-H97,0)) -> ATENDE | O97: =L97*F97 -> 0
A98: 90 | B98: 6"-D3B-NG-0407B | C98: 6"-D3B-NG-0407B | D98: COMPRESSOR | E98: CWP 1.1 - INLET GAS | F98: 63.9384 | G98: 5 | H98: =VLOOKUP(D98,$D$195:$F$231,3,FALSE) -> 46280.75 | I98: =VLOOKUP(H98,$H$197:$I$200,2,FALSE) -> 3º | K98: =IF(VLOOKUP(C98,'Crono Furui'!$C$2:$C$189,1,FALSE)="","VERIFICAR","OK") -> OK | L98: =VLOOKUP(C98,'Crono Furui'!$C:$G,2,FALSE) -> 0 | M98: =VLOOKUP(C98,'Crono Furui'!$C:$G,5,FALSE) -> 46274.375 | N98: =IF(M98>H98=FALSE,"ATENDE",ROUNDUP(M98-H98,0)) -> ATENDE | O98: =L98*F98 -> 0
A99: 91 | B99: 8"-A1E-CF-9201 | C99: 8"-A1E-CF-9201 | D99: SKID | E99: CWP 7.1 LOADING AREA | F99: 624.9625 | G99: 55 | H99: =VLOOKUP(D99,$D$195:$F$231,3,FALSE) -> 46287.75 | I99: =VLOOKUP(H99,$H$197:$I$200,2,FALSE) -> 4º | K99: =IF(VLOOKUP(C99,'Crono Furui'!$C$2:$C$189,1,FALSE)="","VERIFICAR","OK") -> OK | L99: =VLOOKUP(C99,'Crono Furui'!$C:$G,2,FALSE) -> 0 | M99: =VLOOKUP(C99,'Crono Furui'!$C:$G,5,FALSE) -> 46286.375 | N99: =IF(M99>H99=FALSE,"ATENDE",ROUNDUP(M99-H99,0)) -> ATENDE | O99: =L99*F99 -> 0
A100: 92 | B100: 8"-A3B-CF-9202 | C100: 8"-A3B-CF-9202 | D100: EAG HEATER / DISCHARGE SEPARATION TANK | E100: CWP 1.1 - INLET GAS | F100: 228.3251 | G100: 15 | H100: =VLOOKUP(D100,$D$195:$F$231,3,FALSE) -> 46280.75 | I100: =VLOOKUP(H100,$H$197:$I$200,2,FALSE) -> 3º | K100: =IF(VLOOKUP(C100,'Crono Furui'!$C$2:$C$189,1,FALSE)="","VERIFICAR","OK") -> OK | L100: =VLOOKUP(C100,'Crono Furui'!$C:$G,2,FALSE) -> 0 | M100: =VLOOKUP(C100,'Crono Furui'!$C:$G,5,FALSE) -> 46275.333 | N100: =IF(M100>H100=FALSE,"ATENDE",ROUNDUP(M100-H100,0)) -> ATENDE | O100: =L100*F100 -> 0
...

Sheet Planilha1
L5: 1º Lote (1A) – Entrega dia 20/08 no site
L7: 1""-A1E-CF-4310A" – Fornecido 22/08
L8: 1""-B1E-MR-4005A"– Fornecido 22/08
L9: 1""-B1E-MR-4006A"– Fornecido 22/08
L10: 1""-B1E-MR-4007A"– Fornecido 22/08
L11: "1""-B1E-MR-4008A"– Fornecido 22/08
L12: "1""-B1E-MR-4009A"– Fornecido 22/08
L13: "1""-B3B-LO-5003A"– Fornecido 22/08
L14: "1""-D1E-LPG-4305A-C-3"""– Fornecido 22/08
L15: "1""-D1E-LPG-4308A-C-3"""– Fornecido 22/08
L16: "1""-D1E-NG-4001A"– Fornecido 22/08
L17: "1""-D3B-NG-3105A"– Não fornecido
... L40: "2""-A1E-IA-9011"– Não fornecido
